KatipsSmilee's Updated Version of FancySavage: http://lordsmobile.forum.igg.com/topic?fcid=12&ctid=1867&nfid=0&fcp=4 ,,,,,,,,,,,,,,,,,,,,,,,,,,,,,,,,,,,,,,,,,,,,,,,,,,,,,,,,,,,,,,,,,,,,,,,,,,,,,,,,INF ATK+*,INF HP+*,INF DEF+*,RANGED ATK+*,RANGED HP+*,RANGED DEF+*,CAV ATK+*,CAV HP+*,CAV DEF+*,SIEGE ATK+*,SIEGE HP+*,SIEGE DEF+*,,,,,,,,,,,,,,,,,
ITEM,,,,INFRASTRUCTURE BOOSTS,,,,,,,,,,,,ATK,,,,,,ATK+,,,,,,,,DEF,,,,,,,DEF+,,,,,,,,HP,,,,,,HP+,,,,,,,,(ATK+HP)+,,,,,,,(DEF+HP)+,,,,,,,ARMY MISC.,,MONSTER,,,,,1.00,0.80,0.40,1.00,0.80,0.40,1.00,0.80,0.40,0.10,0.05,0.05,MATERIALS REQUIREMENTS,,,,,,,,,,,,,,,EFFICIENCIES,
ITEM NAME,ITEM TYPE,REQ LEVEL,NORMAL/EVENT,CONSTRUCTION SPEED,RESEARCH SPEED,TRAINING SPEED,FORGING SPEED,FOOD RATE,GOLD RATE,GATHER SPEED,STONE RATE,TIMBER RATE,ORE RATE,XP BOOST,REDUCED UPKEEP,INF ATK,RANGED ATK,CAV ATK,SIEGE ATK,TRAP ATK,ARMY ATK,INF ATK+,RANGED ATK+,CAV ATK+,SIEGE ATK+,INF+RANGED ATK+,INF+CAV ATK+,RANGED+CAV ATK+,INF+RANGED+CAV ATK+,WALL DEF,INF DEF,RANGED DEF,CAV DEF,SIEGE DEF,TRAP DEF,ARMY DEF,INF DEF+,RANGED DEF+,CAV DEF+,SIEGE DEF+,INF+RANGED DEF+,INF+CAV DEF+,RANGED+CAV DEF+,INF+RANGED+CAV DEF+,INF HP,RANGED HP,CAV HP,SIEGE HP,TRAP HP,ARMY HP,INF HP+,RANGED HP+,CAV HP+,SIEGE HP+,INF+RANGED HP+,INF+CAV HP+,RANGED+CAV HP+,INF+RANGED+CAV HP+,INF (ATK+HP)+,RANGED (ATK+HP)+,CAV (ATK+HP)+,INF+RANGED (ATK+HP)+,INF+CAV (ATK+HP)+,RANGED+CAV (ATK+HP)+,INF+RANGED+CAV (ATK+HP)+,INF (DEF+HP)+,RANGED (DEF+HP)+,CAV (DEF+HP)+,INF+RANGED (DEF+HP)+,INF+CAV (DEF+HP)+,RANGED+CAV (DEF+HP)+,INF+RANGED+CAV (DEF+HP)+,ARMY CAP,TRAVEL SPEED,ENERGY SAVER,MAX ENERGY,MONSTER DMG,MONSTER MP,MONSTER TRAVEL,CUSTOM,,,,,,,,,,,,1. NAME,1. QTY,1. RATE,2. NAME,2. QTY,2. RATE,3. NAME,3. QTY,3. RATE,4. NAME,4. QTY,4. RATE,5. NAME,5. QTY,5. RATE,1. GREYS NEEDED,1. CHESTS NEEDED
Wyrm Seal,Accessory,55,Jade Wyrm,,,,,,,,35.0%,,,,,,16.0%,,15.0%,,,0.0%,16.0%,0.0%,15.0%,16.0%,0.0%,16.0%,16.0%,,,,,,,,0.0%,0.0%,0.0%,0.0%,0.0%,0.0%,0.0%,0.0%,,,,,,8.0%,8.0%,8.0%,8.0%,8.0%,16.0%,16.0%,16.0%,24.0%,8.0%,24.0%,8.0%,32.0%,16.0%,32.0%,40.0%,8.0%,8.0%,8.0%,16.0%,16.0%,16.0%,24.0%,,,,,,,,37.1%,,,,,,,,,,,,,,,,,,,,,,,,,,,,
Lunar Flute,Accessory,40,Normal,,26.0%,,,38.0%,,,,,,,,,,,,,,0.0%,0.0%,0.0%,0.0%,0.0%,0.0%,0.0%,0.0%,,,,,,,,0.0%,0.0%,0.0%,0.0%,0.0%,0.0%,0.0%,0.0%,,,,,,2.5%,2.5%,2.5%,2.5%,2.5%,5.0%,5.0%,5.0%,7.5%,2.5%,2.5%,2.5%,5.0%,5.0%,5.0%,7.5%,2.5%,2.5%,2.5%,5.0%,5.0%,5.0%,7.5%,,,,,,,,6.1%,,,,,,,,,,,,,,,,,,,,,,,,,,,,
Lost Island's Relic,Accessory,40,Normal,,,,,,,,,,,,,6.0%,6.0%,,,,,6.0%,6.0%,0.0%,0.0%,12.0%,6.0%,6.0%,12.0%,,,,,,,,0.0%,0.0%,0.0%,0.0%,0.0%,0.0%,0.0%,0.0%,,,,,,2.5%,2.5%,2.5%,2.5%,2.5%,5.0%,5.0%,5.0%,7.5%,8.5%,8.5%,2.5%,17.0%,11.0%,11.0%,19.5%,2.5%,2.5%,2.5%,5.0%,5.0%,5.0%,7.5%,,,,,,,,18.1%,,,,,,,,,,,,,,,,,,,,,,,,,,,,
Star Dust,Accessory,27,Normal,,,,,27.0%,,,,,,,,,4.0%,,,,,0.0%,4.0%,0.0%,0.0%,4.0%,0.0%,4.0%,4.0%,,,,,,,,0.0%,0.0%,0.0%,0.0%,0.0%,0.0%,0.0%,0.0%,,,,,,2.0%,2.0%,2.0%,2.0%,2.0%,4.0%,4.0%,4.0%,6.0%,2.0%,6.0%,2.0%,8.0%,4.0%,8.0%,10.0%,2.0%,2.0%,2.0%,4.0%,4.0%,4.0%,6.0%,,,,,,,,8.9%,,,,,,,,,,,,,,,,,,,,,,,,,,,,
Prehistoric Horn,Accessory,15,Normal,,,,,,13.0%,,,,,,,,,,,,,0.0%,0.0%,0.0%,0.0%,0.0%,0.0%,0.0%,0.0%,,,,,,,,0.0%,0.0%,0.0%,0.0%,0.0%,0.0%,0.0%,0.0%,,,,,,1.0%,1.0%,1.0%,1.0%,1.0%,2.0%,2.0%,2.0%,3.0%,1.0%,1.0%,1.0%,2.0%,2.0%,2.0%,3.0%,1.0%,1.0%,1.0%,2.0%,2.0%,2.0%,3.0%,,,,,,,,2.5%,,,,,,,,,,,,,,,,,,,,,,,,,,,,
Terror Vial,Accessory,50,Terrorthorn,,,,,,,,,,35.0%,,,16.0%,,,,,,16.0%,0.0%,0.0%,0.0%,16.0%,16.0%,0.0%,16.0%,,,,,,,8.0%,8.0%,8.0%,8.0%,8.0%,16.0%,16.0%,16.0%,24.0%,5.0%,,,,,,5.0%,0.0%,0.0%,0.0%,5.0%,5.0%,0.0%,5.0%,21.0%,0.0%,0.0%,21.0%,21.0%,0.0%,21.0%,13.0%,8.0%,8.0%,21.0%,21.0%,16.0%,29.0%,,,,,,,,30.0%,,,,,,,,,,,,,,,,,,,,,,,,,,,,
Sentinel's Circlet,Accessory,40,Normal,25.0%,,,,,,,,,,,,,,4.0%,9.0%,,,0.0%,0.0%,4.0%,9.0%,0.0%,4.0%,4.0%,4.0%,,,,,,,,0.0%,0.0%,0.0%,0.0%,0.0%,0.0%,0.0%,0.0%,,,,,,,0.0%,0.0%,0.0%,0.0%,0.0%,0.0%,0.0%,0.0%,0.0%,0.0%,4.0%,0.0%,4.0%,4.0%,4.0%,0.0%,0.0%,0.0%,0.0%,0.0%,0.0%,0.0%,,,,,,,,4.9%,,,,,,,,,,,,,,,,,,,,,,,,,,,,
Pirate's Eye Patch,Accessory,9,Normal,8.0%,5.0%,,,,,,,,,,,,,,,,,0.0%,0.0%,0.0%,0.0%,0.0%,0.0%,0.0%,0.0%,,,,,,,,0.0%,0.0%,0.0%,0.0%,0.0%,0.0%,0.0%,0.0%,,,,,,,0.0%,0.0%,0.0%,0.0%,0.0%,0.0%,0.0%,0.0%,0.0%,0.0%,0.0%,0.0%,0.0%,0.0%,0.0%,0.0%,0.0%,0.0%,0.0%,0.0%,0.0%,0.0%,,,,,,,,0.0%,,,,,,,,,,,,,,,,,,,,,,,,,,,,
Neptune's Necklace,Accessory,27,Normal,15.0%,,,,,,,,,,,,4.0%,,,,,,4.0%,0.0%,0.0%,0.0%,4.0%,4.0%,0.0%,4.0%,1.5%,,,,,,,0.0%,0.0%,0.0%,0.0%,0.0%,0.0%,0.0%,0.0%,,,,,,,0.0%,0.0%,0.0%,0.0%,0.0%,0.0%,0.0%,0.0%,4.0%,0.0%,0.0%,4.0%,4.0%,0.0%,4.0%,0.0%,0.0%,0.0%,0.0%,0.0%,0.0%,0.0%,,,,,,,,4.0%,,,,,,,,,,,,,,,,,,,,,,,,,,,,
Lost Pocketwatch,Accessory,33,Normal,18.0%,11.5%,,,,,,,,,,,,,,,5.5%,,0.0%,0.0%,0.0%,0.0%,0.0%,0.0%,0.0%,0.0%,,,,,,,,0.0%,0.0%,0.0%,0.0%,0.0%,0.0%,0.0%,0.0%,,,,,,,0.0%,0.0%,0.0%,0.0%,0.0%,0.0%,0.0%,0.0%,0.0%,0.0%,0.0%,0.0%,0.0%,0.0%,0.0%,0.0%,0.0%,0.0%,0.0%,0.0%,0.0%,0.0%,,,,,,,,0.0%,,,,,,,,,,,,,,,,,,,,,,,,,,,,
Hunting Horn,Accessory,45,Hunter,,,,,,,,,,,,,,,,,,,0.0%,0.0%,0.0%,0.0%,0.0%,0.0%,0.0%,0.0%,,,,,,,,0.0%,0.0%,0.0%,0.0%,0.0%,0.0%,0.0%,0.0%,,,,,,,0.0%,0.0%,0.0%,0.0%,0.0%,0.0%,0.0%,0.0%,0.0%,0.0%,0.0%,0.0%,0.0%,0.0%,0.0%,0.0%,0.0%,0.0%,0.0%,0.0%,0.0%,0.0%,,,,500,5.0%,,20.0%,0.0%,,,,,,,,,,,,,,,,,,,,,,,,,,,,
Hortensia Diamond,Accessory,33,Normal,,,,,34.5%,,,,,,,,,,,,,,0.0%,0.0%,0.0%,0.0%,0.0%,0.0%,0.0%,0.0%,1.5%,,,,,,,0.0%,0.0%,0.0%,0.0%,0.0%,0.0%,0.0%,0.0%,,,,,,,0.0%,0.0%,0.0%,0.0%,0.0%,0.0%,0.0%,0.0%,0.0%,0.0%,0.0%,0.0%,0.0%,0.0%,0.0%,0.0%,0.0%,0.0%,0.0%,0.0%,0.0%,0.0%,,,,,,,,0.0%,,,,,,,,,,,,,,,,,,,,,,,,,,,,
Frostwing's Breath,Accessory,55,Frostwing,,,,,,50.0%,,,,,,,8.0%,8.0%,,,,,8.0%,8.0%,0.0%,0.0%,16.0%,8.0%,8.0%,16.0%,,,,,,,,0.0%,0.0%,0.0%,0.0%,0.0%,0.0%,0.0%,0.0%,,,,,,,0.0%,0.0%,0.0%,0.0%,0.0%,0.0%,0.0%,0.0%,8.0%,8.0%,0.0%,16.0%,8.0%,8.0%,16.0%,0.0%,0.0%,0.0%,0.0%,0.0%,0.0%,0.0%,,,,,,,,16.0%,,,,,,,,,,,,,,,,,,,,,,,,,,,,
Fear Drum,Accessory,50,Gargantua,,,,,,35.0%,,,,,,,,,16.0%,10.0%,,,0.0%,0.0%,16.0%,10.0%,0.0%,16.0%,16.0%,16.0%,,,,,,,,0.0%,0.0%,0.0%,0.0%,0.0%,0.0%,0.0%,0.0%,,,5.5%,,,,0.0%,0.0%,5.5%,0.0%,0.0%,5.5%,5.5%,5.5%,0.0%,0.0%,21.5%,0.0%,21.5%,21.5%,21.5%,0.0%,0.0%,5.5%,0.0%,5.5%,5.5%,5.5%,,,,,,,,21.4%,,,,,,,,,,,,,,,,,,,,,,,,,,,,
Crystal Tear,Accessory,27,Normal,,,,,,22.5%,,,,,,,,,4.0%,6.5%,,,0.0%,0.0%,4.0%,6.5%,0.0%,4.0%,4.0%,4.0%,,,,,,,,0.0%,0.0%,0.0%,0.0%,0.0%,0.0%,0.0%,0.0%,,,,,,,0.0%,0.0%,0.0%,0.0%,0.0%,0.0%,0.0%,0.0%,0.0%,0.0%,4.0%,0.0%,4.0%,4.0%,4.0%,0.0%,0.0%,0.0%,0.0%,0.0%,0.0%,0.0%,,,,,,,,4.7%,,,,,,,,,,,,,,,,,,,,,,,,,,,,
Ancient Hourglass,Accessory,27,Normal,,9.5%,,,,22.5%,,,,,,,,,,,,,0.0%,0.0%,0.0%,0.0%,0.0%,0.0%,0.0%,0.0%,,,,,,,,0.0%,0.0%,0.0%,0.0%,0.0%,0.0%,0.0%,0.0%,,,,,,,0.0%,0.0%,0.0%,0.0%,0.0%,0.0%,0.0%,0.0%,0.0%,0.0%,0.0%,0.0%,0.0%,0.0%,0.0%,0.0%,0.0%,0.0%,0.0%,0.0%,0.0%,0.0%,,,,,,,,0.0%,,,,,,,,,,,,,,,,,,,,,,,,,,,,
Amber Ring,Accessory,21,Normal,12.5%,,,,,,,,,,,,,,,,,,0.0%,0.0%,0.0%,0.0%,0.0%,0.0%,0.0%,0.0%,1.0%,,,,,,,0.0%,0.0%,0.0%,0.0%,0.0%,0.0%,0.0%,0.0%,,,,,,,0.0%,0.0%,0.0%,0.0%,0.0%,0.0%,0.0%,0.0%,0.0%,0.0%,0.0%,0.0%,0.0%,0.0%,0.0%,0.0%,0.0%,0.0%,0.0%,0.0%,0.0%,0.0%,,,,,,,,0.0%,,,,,,,,,,,,,,,,,,,,,,,,,,,,
Burning Scroll,Accessory,55,Hell Drider,,,,,,,,,35.0%,,,,,,,,,9.0%,9.0%,9.0%,9.0%,9.0%,18.0%,18.0%,18.0%,27.0%,,,,,,,,0.0%,0.0%,0.0%,0.0%,0.0%,0.0%,0.0%,0.0%,,,,,,9.0%,9.0%,9.0%,9.0%,9.0%,18.0%,18.0%,18.0%,27.0%,18.0%,18.0%,18.0%,36.0%,36.0%,36.0%,54.0%,9.0%,9.0%,9.0%,18.0%,18.0%,18.0%,27.0%,,,,,,,,50.0%,,,,,,,,,,,,,,,,,,,,,,,,,,,,
Dragon's Iris,Accessory,55,Blackwing,,,,,,,,,,,,,,10.0%,10.0%,,,,0.0%,10.0%,10.0%,0.0%,10.0%,10.0%,20.0%,20.0%,,,,,,,,0.0%,0.0%,0.0%,0.0%,0.0%,0.0%,0.0%,0.0%,,,,,,10.0%,10.0%,10.0%,10.0%,10.0%,20.0%,20.0%,20.0%,30.0%,10.0%,20.0%,20.0%,30.0%,30.0%,40.0%,50.0%,10.0%,10.0%,10.0%,20.0%,20.0%,20.0%,30.0%,,,,,,,,44.5%,,,,,,,,,,,,,,,,,,,,,,,,,,,,
Secret Totem,Accessory,45,Mecha Trojan,,,,,,,,,,,,,7.0%,,,15.0%,,,7.0%,0.0%,0.0%,15.0%,7.0%,7.0%,0.0%,7.0%,,,,,,,7.0%,7.0%,7.0%,7.0%,7.0%,14.0%,14.0%,14.0%,21.0%,15.0%,,,,,,15.0%,0.0%,0.0%,0.0%,15.0%,15.0%,0.0%,15.0%,22.0%,0.0%,0.0%,22.0%,22.0%,0.0%,22.0%,22.0%,7.0%,7.0%,29.0%,29.0%,14.0%,36.0%,,,,,,,,29.3%,,,,,,,,,,,,,,,,,,,,,,,,,,,,
Ivory Choker,Accessory,40,Saberfang,,,,,,,,,,,,,,,8.0%,,15.0%,,0.0%,0.0%,8.0%,0.0%,0.0%,8.0%,8.0%,8.0%,,,,,,15.0%,,0.0%,0.0%,0.0%,0.0%,0.0%,0.0%,0.0%,0.0%,,,,,,,0.0%,0.0%,0.0%,0.0%,0.0%,0.0%,0.0%,0.0%,0.0%,0.0%,8.0%,0.0%,8.0%,8.0%,8.0%,0.0%,0.0%,0.0%,0.0%,0.0%,0.0%,0.0%,,8.0%,,,,,,8.0%,,,,,,,,,,,,,,,,,,,,,,,,,,,,
Aqua Anemone,Accessory,40,Tidal Titan,,,,,,,,,,,,,8.0%,,8.0%,,,,8.0%,0.0%,8.0%,0.0%,8.0%,16.0%,8.0%,16.0%,,,,,,,,0.0%,0.0%,0.0%,0.0%,0.0%,0.0%,0.0%,0.0%,,,,,,,0.0%,0.0%,0.0%,0.0%,0.0%,0.0%,0.0%,0.0%,8.0%,0.0%,8.0%,8.0%,16.0%,8.0%,16.0%,0.0%,0.0%,0.0%,0.0%,0.0%,0.0%,0.0%,,,,,,,,16.0%,,,,,,,,,,,,,,,,,,,,,,,,,,,,
Blight Ring,Accessory,60,Mega Maggot,,,,,,,,,,,,,,14.0%,,,,,0.0%,14.0%,0.0%,0.0%,14.0%,0.0%,14.0%,14.0%,25.0%,,,,,,15.0%,15.0%,15.0%,15.0%,15.0%,30.0%,30.0%,30.0%,45.0%,,,,,,15.0%,15.0%,15.0%,15.0%,15.0%,30.0%,30.0%,30.0%,45.0%,15.0%,29.0%,15.0%,44.0%,30.0%,44.0%,59.0%,30.0%,30.0%,30.0%,60.0%,60.0%,60.0%,90.0%,,,,,,,,69.5%,,,,,,,,,,,,,,,,,,,,,,,,,,,,
Ambroissal Cup,Accessory,60,Bon Appetis,,,,,,,,,,,,,25.0%,25.0%,,,,,25.0%,25.0%,0.0%,0.0%,50.0%,25.0%,25.0%,50.0%,,,,,,,,0.0%,0.0%,0.0%,0.0%,0.0%,0.0%,0.0%,0.0%,15.0%,15.0%,,,,,15.0%,15.0%,0.0%,0.0%,30.0%,15.0%,15.0%,30.0%,40.0%,40.0%,0.0%,80.0%,40.0%,40.0%,80.0%,15.0%,15.0%,0.0%,30.0%,15.0%,15.0%,30.0%,,,,,,,,74.0%,,,,,,,,,,,,,,,,,,,,,,,,,,,,
Champion Faith,Accessory,60,Champion,,,,,,,,,,,,,15.0%,,15.0%,,,10.0%,25.0%,10.0%,25.0%,10.0%,35.0%,50.0%,35.0%,60.0%,,,,,,,,0.0%,0.0%,0.0%,0.0%,0.0%,0.0%,0.0%,0.0%,,,,,,25.0%,25.0%,25.0%,25.0%,25.0%,50.0%,50.0%,50.0%,75.0%,50.0%,35.0%,50.0%,85.0%,100.0%,85.0%,135.0%,25.0%,25.0%,25.0%,50.0%,50.0%,50.0%,75.0%,,,,,,,,122.3%,,,,,,,,,,,,Crimson Mane,14,3.00%,Adamant Plate,24,25.00%,Crystal Silk,20,23.50%,Veronica's Veil,,24.00%,Aurichalcum,24,24.00%,"4,760","158,666.67"
Champion Valor,Accessory,60,Champion,,,,,,,,,,,,,,15.0%,15.0%,,,10.0%,10.0%,25.0%,25.0%,10.0%,35.0%,35.0%,50.0%,60.0%,,,,,,,,0.0%,0.0%,0.0%,0.0%,0.0%,0.0%,0.0%,0.0%,,,,,,25.0%,25.0%,25.0%,25.0%,25.0%,50.0%,50.0%,50.0%,75.0%,35.0%,50.0%,50.0%,85.0%,85.0%,100.0%,135.0%,25.0%,25.0%,25.0%,50.0%,50.0%,50.0%,75.0%,,,,,,,,122.3%,,,,,,,,,,,,Crimson Mane,14,3.00%,Adamant Plate,24,25.00%,Crystal Silk,20,23.50%,Veronica's Veil,,24.00%,Aurichalcum,24,24.00%,,
Champion Blessing,Accessory,60,Champion,,,,,,,,,,,,,15.0%,15.0%,,,,10.0%,25.0%,25.0%,10.0%,10.0%,50.0%,35.0%,35.0%,60.0%,,,,,,,,0.0%,0.0%,0.0%,0.0%,0.0%,0.0%,0.0%,0.0%,,,,,,25.0%,25.0%,25.0%,25.0%,25.0%,50.0%,50.0%,50.0%,75.0%,50.0%,50.0%,35.0%,100.0%,85.0%,85.0%,135.0%,25.0%,25.0%,25.0%,50.0%,50.0%,50.0%,75.0%,,,,,,,,122.3%,,,,,,,,,,,,Crimson Mane,14,3.00%,Adamant Plate,24,25.00%,Crystal Silk,20,23.50%,Veronica's Veil,,24.00%,Aurichalcum,24,24.00%,,
Winter Parka,Armor,50,Snow Beast,,,,,,,,,,,,,12.5%,,,,,,12.5%,0.0%,0.0%,0.0%,12.5%,12.5%,0.0%,12.5%,,,,25.0%,,,,0.0%,0.0%,25.0%,0.0%,0.0%,25.0%,25.0%,25.0%,,,,,,15.0%,15.0%,15.0%,15.0%,15.0%,30.0%,30.0%,30.0%,45.0%,27.5%,15.0%,15.0%,42.5%,42.5%,30.0%,57.5%,15.0%,15.0%,40.0%,30.0%,55.0%,55.0%,70.0%,,,,,,,,59.3%,,,,,,,,,,,,,,,,,,,,,,,,,,,,
Terror Shield,Armor,60,Terrorthorn,,8.0%,,,,,,,,,,,35.0%,,,,,,35.0%,0.0%,0.0%,0.0%,35.0%,35.0%,0.0%,35.0%,,,,,,,,0.0%,0.0%,0.0%,0.0%,0.0%,0.0%,0.0%,0.0%,25.0%,,,,,15.0%,40.0%,15.0%,15.0%,15.0%,55.0%,55.0%,30.0%,70.0%,75.0%,15.0%,15.0%,90.0%,90.0%,30.0%,105.0%,40.0%,15.0%,15.0%,55.0%,55.0%,30.0%,70.0%,,,,,,,,91.8%,,,,,,,,,,,,,,,,,,,,,,,,,,,,
Regal Platemail,Armor,40,Normal,,,,,,,,,,,,,,,,7.5%,,,0.0%,0.0%,0.0%,7.5%,0.0%,0.0%,0.0%,0.0%,,,,,,,,0.0%,0.0%,0.0%,0.0%,0.0%,0.0%,0.0%,0.0%,,,,,,5.0%,5.0%,5.0%,5.0%,5.0%,10.0%,10.0%,10.0%,15.0%,5.0%,5.0%,5.0%,10.0%,10.0%,10.0%,15.0%,5.0%,5.0%,5.0%,10.0%,10.0%,10.0%,15.0%,14.0%,,,,,,,13.0%,,,,,,,,,,,,,,,,,,,,,,,,,,,,
Wyvern Soul,Armor,19,Normal,,,,,,,,,,,,,,,,3.8%,,,0.0%,0.0%,0.0%,3.8%,0.0%,0.0%,0.0%,0.0%,,,,,,,,0.0%,0.0%,0.0%,0.0%,0.0%,0.0%,0.0%,0.0%,,,,,,2.6%,2.6%,2.6%,2.6%,2.6%,5.2%,5.2%,5.2%,7.8%,2.6%,2.6%,2.6%,5.2%,5.2%,5.2%,7.8%,2.6%,2.6%,2.6%,5.2%,5.2%,5.2%,7.8%,,,,,,,,6.8%,,,,,,,,,,,,,,,,,,,,,,,,,,,,
Guardian Chestplate,Armor,7,Normal,1.5%,,,,,,,,,,,,,,,,,,0.0%,0.0%,0.0%,0.0%,0.0%,0.0%,0.0%,0.0%,,,,,,,,0.0%,0.0%,0.0%,0.0%,0.0%,0.0%,0.0%,0.0%,,,,,,1.0%,1.0%,1.0%,1.0%,1.0%,2.0%,2.0%,2.0%,3.0%,1.0%,1.0%,1.0%,2.0%,2.0%,2.0%,3.0%,1.0%,1.0%,1.0%,2.0%,2.0%,2.0%,3.0%,,,,,,,,2.5%,,,,,,,,,,,,,,,,,,,,,,,,,,,,
Summoner Robe,Armor,31,Normal,,,,,27.0%,,,,,,,,,,,6.0%,,,0.0%,0.0%,0.0%,6.0%,0.0%,0.0%,0.0%,0.0%,,,,,,,5.0%,5.0%,5.0%,5.0%,5.0%,10.0%,10.0%,10.0%,15.0%,,,,,,,0.0%,0.0%,0.0%,0.0%,0.0%,0.0%,0.0%,0.0%,0.0%,0.0%,0.0%,0.0%,0.0%,0.0%,0.0%,5.0%,5.0%,5.0%,10.0%,10.0%,10.0%,15.0%,,,,,,,,6.9%,,,,,,,,,,,,,,,,,,,,,,,,,,,,
Prowler Vest,Armor,31,Normal,,,,,,,,,,,,,,,,6.0%,,,0.0%,0.0%,0.0%,6.0%,0.0%,0.0%,0.0%,0.0%,,,,,,,5.0%,5.0%,5.0%,5.0%,5.0%,10.0%,10.0%,10.0%,15.0%,,,,,,,0.0%,0.0%,0.0%,0.0%,0.0%,0.0%,0.0%,0.0%,0.0%,0.0%,0.0%,0.0%,0.0%,0.0%,0.0%,5.0%,5.0%,5.0%,10.0%,10.0%,10.0%,15.0%,11.0%,,,,,,,6.9%,,,,,,,,,,,,,,,,,,,,,,,,,,,,
Odysseus,Armor,40,Normal,5.2%,,,,,,,,,,,,,,,7.5%,,,0.0%,0.0%,0.0%,7.5%,0.0%,0.0%,0.0%,0.0%,,,,,,,6.2%,6.2%,6.2%,6.2%,6.2%,12.4%,12.4%,12.4%,18.6%,,,,,,,0.0%,0.0%,0.0%,0.0%,0.0%,0.0%,0.0%,0.0%,0.0%,0.0%,0.0%,0.0%,0.0%,0.0%,0.0%,6.2%,6.2%,6.2%,12.4%,12.4%,12.4%,18.6%,,,,,,,,8.5%,,,,,,,,,,,,,,,,,,,,,,,,,,,,
Frostwing Armor,Armor,50,Frostwing,,,,,,,,,,,,,8.0%,8.0%,,12.5%,,,8.0%,8.0%,0.0%,12.5%,16.0%,8.0%,8.0%,16.0%,,,,,,,,0.0%,0.0%,0.0%,0.0%,0.0%,0.0%,0.0%,0.0%,,,,,,,0.0%,0.0%,0.0%,0.0%,0.0%,0.0%,0.0%,0.0%,8.0%,8.0%,0.0%,16.0%,8.0%,8.0%,16.0%,0.0%,0.0%,0.0%,0.0%,0.0%,0.0%,0.0%,,,,,,,,17.3%,,,,,,,,,,,,,,,,,,,,,,,,,,,,
Elder Garb,Armor,25,Normal,,5.5%,,,,,,,,,,,,,,5.0%,,,0.0%,0.0%,0.0%,5.0%,0.0%,0.0%,0.0%,0.0%,,,,,,,,0.0%,0.0%,0.0%,0.0%,0.0%,0.0%,0.0%,0.0%,,,,,,,0.0%,0.0%,0.0%,0.0%,0.0%,0.0%,0.0%,0.0%,0.0%,0.0%,0.0%,0.0%,0.0%,0.0%,0.0%,0.0%,0.0%,0.0%,0.0%,0.0%,0.0%,0.0%,,,,,,,,0.5%,,,,,,,,,,,,,,,,,,,,,,,,,,,,
Ceremonial Toga,Armor,13,Normal,,,,,,,,,,,,,,,,3.0%,,,0.0%,0.0%,0.0%,3.0%,0.0%,0.0%,0.0%,0.0%,,,,,,,,0.0%,0.0%,0.0%,0.0%,0.0%,0.0%,0.0%,0.0%,,,,,,,0.0%,0.0%,0.0%,0.0%,0.0%,0.0%,0.0%,0.0%,0.0%,0.0%,0.0%,0.0%,0.0%,0.0%,0.0%,0.0%,0.0%,0.0%,0.0%,0.0%,0.0%,0.0%,5.0%,,,,,,,0.3%,,,,,,,,,,,,,,,,,,,,,,,,,,,,
Centaur Saddle,Armor,35,Normal,,,,,,,,,,,,,,,,,,,0.0%,0.0%,0.0%,0.0%,0.0%,0.0%,0.0%,0.0%,,,,,,,5.7%,5.7%,5.7%,5.7%,5.7%,11.4%,11.4%,11.4%,17.1%,,,,,,,0.0%,0.0%,0.0%,0.0%,0.0%,0.0%,0.0%,0.0%,0.0%,0.0%,0.0%,0.0%,0.0%,0.0%,0.0%,5.7%,5.7%,5.7%,11.4%,11.4%,11.4%,17.1%,12.5%,,,,,,,7.1%,,,,,,,,,,,,,,,,,,,,,,,,,,,,
Cavalry Mail,Armor,35,Normal,,7.0%,,,31.0%,,,,,,,,,,,7.0%,,,0.0%,0.0%,0.0%,7.0%,0.0%,0.0%,0.0%,0.0%,,,,,,,,0.0%,0.0%,0.0%,0.0%,0.0%,0.0%,0.0%,0.0%,,,,,,,0.0%,0.0%,0.0%,0.0%,0.0%,0.0%,0.0%,0.0%,0.0%,0.0%,0.0%,0.0%,0.0%,0.0%,0.0%,0.0%,0.0%,0.0%,0.0%,0.0%,0.0%,0.0%,,,,,,,,0.7%,,,,,,,,,,,,,,,,,,,,,,,,,,,,
Hardened Carapace,Armor,55,Queen Bee,,,,,,,,,,,,,,25.0%,25.0%,,,,0.0%,25.0%,25.0%,0.0%,25.0%,25.0%,50.0%,50.0%,,,,,,,10.0%,10.0%,10.0%,10.0%,10.0%,20.0%,20.0%,20.0%,30.0%,,,,,,,0.0%,0.0%,0.0%,0.0%,0.0%,0.0%,0.0%,0.0%,0.0%,25.0%,25.0%,25.0%,25.0%,50.0%,50.0%,10.0%,10.0%,10.0%,20.0%,20.0%,20.0%,30.0%,,,,,,,,62.5%,,,,,,,,,,,,,,,,,,,,,,,,,,,,
Hedonic Cuirass,Armor,55,Bon Appetis,,,,,,,,,,,,,25.0%,25.0%,,,,,25.0%,25.0%,0.0%,0.0%,50.0%,25.0%,25.0%,50.0%,,,,,,,,0.0%,0.0%,0.0%,0.0%,0.0%,0.0%,0.0%,0.0%,30.0%,,,,,,30.0%,0.0%,0.0%,0.0%,30.0%,30.0%,0.0%,30.0%,55.0%,25.0%,0.0%,80.0%,55.0%,25.0%,80.0%,30.0%,0.0%,0.0%,30.0%,30.0%,0.0%,30.0%,,,,,,,,74.0%,,,,,,,,,,,,,,,,,,,,,,,,,,,,
Deathly Mantle,Armor,50,Grim Reaper,,,,,,,,,,,,,,20.0%,,,15.0%,,0.0%,20.0%,0.0%,0.0%,20.0%,0.0%,20.0%,20.0%,,,,,,,15.0%,15.0%,15.0%,15.0%,15.0%,30.0%,30.0%,30.0%,45.0%,,,,,,,0.0%,0.0%,0.0%,0.0%,0.0%,0.0%,0.0%,0.0%,0.0%,20.0%,0.0%,20.0%,0.0%,20.0%,20.0%,15.0%,15.0%,15.0%,30.0%,30.0%,30.0%,45.0%,,,,,,,,38.8%,,,,,,,,,,,,,,,,,,,,,,,,,,,,
Predator Pauldrons,Armor,50,Saberfang,,,,,,,,,,,,,,,10.0%,,,,0.0%,0.0%,10.0%,0.0%,0.0%,10.0%,10.0%,10.0%,,,,,,,15.0%,15.0%,15.0%,15.0%,15.0%,30.0%,30.0%,30.0%,45.0%,,,20.0%,,,,0.0%,0.0%,20.0%,0.0%,0.0%,20.0%,20.0%,20.0%,0.0%,0.0%,30.0%,0.0%,30.0%,30.0%,30.0%,15.0%,15.0%,35.0%,30.0%,50.0%,50.0%,65.0%,,25.0%,,,,,,44.8%,,,,,,,,,,,,,,,,,,,,,,,,,,,,
Lightning Guard,Armor,45,Noceros,20.0%,,,,,50.0%,20.0%,,,,,,,,,,,,0.0%,0.0%,0.0%,0.0%,0.0%,0.0%,0.0%,0.0%,,,,,,,,0.0%,0.0%,0.0%,0.0%,0.0%,0.0%,0.0%,0.0%,,,,,,,0.0%,0.0%,0.0%,0.0%,0.0%,0.0%,0.0%,0.0%,0.0%,0.0%,0.0%,0.0%,0.0%,0.0%,0.0%,0.0%,0.0%,0.0%,0.0%,0.0%,0.0%,0.0%,,,,,,,,0.0%,,,,,,,,,,,,,,,,,,,,,,,,,,,,
Grimy Plate,Armor,40,Mega Maggot,,,,,,,,,,,,,8.0%,,,,,,8.0%,0.0%,0.0%,0.0%,8.0%,8.0%,0.0%,8.0%,10.0%,,,,,,,0.0%,0.0%,0.0%,0.0%,0.0%,0.0%,0.0%,0.0%,9.0%,,,,,,9.0%,0.0%,0.0%,0.0%,9.0%,9.0%,0.0%,9.0%,17.0%,0.0%,0.0%,17.0%,17.0%,0.0%,17.0%,9.0%,0.0%,0.0%,9.0%,9.0%,0.0%,9.0%,,,,,,,,15.2%,,,,,,,,,,,,,,,,,,,,,,,,,,,,
Armor of the Abyss,Armor,40,Hell Drider,,,,,,,,,,,,,,,,,,5.0%,5.0%,5.0%,5.0%,5.0%,10.0%,10.0%,10.0%,15.0%,,5.0%,,,,,,5.0%,0.0%,0.0%,0.0%,5.0%,5.0%,0.0%,5.0%,,,5.0%,,,,0.0%,0.0%,5.0%,0.0%,0.0%,5.0%,5.0%,5.0%,5.0%,5.0%,10.0%,10.0%,15.0%,15.0%,20.0%,5.0%,0.0%,5.0%,5.0%,10.0%,5.0%,10.0%,,,,,,,,21.5%,,,,,,,,,,,,,,,,,,,,,,,,,,,,
Spooky Coat,Armor,45,Cottageroar,,,,,,,,,,,,,11.0%,,,,,,11.0%,0.0%,0.0%,0.0%,11.0%,11.0%,0.0%,11.0%,,10.0%,,,,,,10.0%,0.0%,0.0%,0.0%,10.0%,10.0%,0.0%,10.0%,8.0%,,,,,,8.0%,0.0%,0.0%,0.0%,8.0%,8.0%,0.0%,8.0%,19.0%,0.0%,0.0%,19.0%,19.0%,0.0%,19.0%,18.0%,0.0%,0.0%,18.0%,18.0%,0.0%,18.0%,,,,,,,,21.4%,,,,,,,,,,,,,,,,,,,,,,,,,,,,
Hunting Plate,Armor,50,Hunter,,,,,,,,,,,,,,,,,,,0.0%,0.0%,0.0%,0.0%,0.0%,0.0%,0.0%,0.0%,,,,,,,,0.0%,0.0%,0.0%,0.0%,0.0%,0.0%,0.0%,0.0%,,,,,,,0.0%,0.0%,0.0%,0.0%,0.0%,0.0%,0.0%,0.0%,0.0%,0.0%,0.0%,0.0%,0.0%,0.0%,0.0%,0.0%,0.0%,0.0%,0.0%,0.0%,0.0%,0.0%,,,,1000,20.0%,,10.0%,0.0%,,,,,,,,,,,,,,,,,,,,,,,,,,,,
Firewall Plate,Armor,60,Mecha Trojan,,,,,,,,,,,,,20.0%,,30.0%,30.0%,,,20.0%,0.0%,30.0%,30.0%,20.0%,50.0%,30.0%,50.0%,,,,,,,,0.0%,0.0%,0.0%,0.0%,0.0%,0.0%,0.0%,0.0%,,,,,,15.0%,15.0%,15.0%,15.0%,15.0%,30.0%,30.0%,30.0%,45.0%,35.0%,15.0%,45.0%,50.0%,80.0%,60.0%,95.0%,15.0%,15.0%,15.0%,30.0%,30.0%,30.0%,45.0%,,,,,,,,89.8%,,,,,,,,,,,,,,,,,,,,,,,,,,,,
Champion Plate,Armor,60,Champion,,,,,,,,,,,,52.0%,,40.0%,,,,,0.0%,40.0%,0.0%,0.0%,40.0%,0.0%,40.0%,40.0%,,,,,,,42.5%,42.5%,42.5%,42.5%,42.5%,85.0%,85.0%,85.0%,127.5%,,,,,,25.0%,25.0%,25.0%,25.0%,25.0%,50.0%,50.0%,50.0%,75.0%,25.0%,65.0%,25.0%,90.0%,50.0%,90.0%,115.0%,67.5%,67.5%,67.5%,135.0%,135.0%,135.0%,202.5%,,,,,,,,154.4%,,,,,,,,,,,,Crimson Mane,10,3.00%,Adamant Plate,7,25.00%,Crystal Silk,9,23.50%,Veronica's Veil,14,24.00%,Aurichalcum,,24.00%,,
Champion Mail,Armor,60,Champion,,,,,,,,,,,,52.0%,30.0%,,,,,10.0%,40.0%,10.0%,10.0%,10.0%,50.0%,50.0%,20.0%,60.0%,,,,,,,35.0%,35.0%,35.0%,35.0%,35.0%,70.0%,70.0%,70.0%,105.0%,,,,,,15.0%,15.0%,15.0%,15.0%,15.0%,30.0%,30.0%,30.0%,45.0%,55.0%,25.0%,25.0%,80.0%,80.0%,50.0%,105.0%,50.0%,50.0%,50.0%,100.0%,100.0%,100.0%,150.0%,,,,,,,,141.5%,,,,,,,,,,,,Crimson Mane,10,3.00%,Adamant Plate,7,25.00%,Crystal Silk,9,23.50%,Veronica's Veil,14,24.00%,Aurichalcum,,24.00%,,
Champion Cuirass,Armor,60,Champion,,,,,,,,,,,,52.0%,,,30.0%,,,10.0%,10.0%,10.0%,40.0%,10.0%,20.0%,50.0%,50.0%,60.0%,,,,,,,35.0%,35.0%,35.0%,35.0%,35.0%,70.0%,70.0%,70.0%,105.0%,,,,,,15.0%,15.0%,15.0%,15.0%,15.0%,30.0%,30.0%,30.0%,45.0%,25.0%,25.0%,55.0%,50.0%,80.0%,80.0%,105.0%,50.0%,50.0%,50.0%,100.0%,100.0%,100.0%,150.0%,,,,,,,,141.5%,,,,,,,,,,,,Crimson Mane,10,3.00%,Adamant Plate,7,25.00%,Crystal Silk,9,23.50%,Veronica's Veil,14,24.00%,Aurichalcum,,24.00%,,
Wyrmbone Coronet,Helmet,60,Jade Wyrm,,10.0%,,,,,,,,,,,,32.5%,,,,,0.0%,32.5%,0.0%,0.0%,32.5%,0.0%,32.5%,32.5%,,,20.0%,,,,,0.0%,20.0%,0.0%,0.0%,20.0%,0.0%,20.0%,20.0%,,,,,,12.5%,12.5%,12.5%,12.5%,12.5%,25.0%,25.0%,25.0%,37.5%,12.5%,45.0%,12.5%,57.5%,25.0%,57.5%,70.0%,12.5%,32.5%,12.5%,45.0%,25.0%,45.0%,57.5%,,,,,,,,71.1%,,,,,,,,,,,,,,,,,,,,,,,,,,,,
Frostwing Helm,Helmet,50,Frostwing,,,,,,,,,,,,,,9.0%,,7.5%,,,0.0%,9.0%,0.0%,7.5%,9.0%,0.0%,9.0%,9.0%,,,,,,,,0.0%,0.0%,0.0%,0.0%,0.0%,0.0%,0.0%,0.0%,,,,,,11.5%,11.5%,11.5%,11.5%,11.5%,23.0%,23.0%,23.0%,34.5%,11.5%,20.5%,11.5%,32.0%,23.0%,32.0%,43.5%,11.5%,11.5%,11.5%,23.0%,23.0%,23.0%,34.5%,,,,,,,,37.9%,,,,,,,,,,,,,,,,,,,,,,,,,,,,
Wanderer's Hood,Helmet,29,Normal,,,,,32.0%,,,,,,,,,,,,7.5%,,0.0%,0.0%,0.0%,0.0%,0.0%,0.0%,0.0%,0.0%,,,,,,,12.5%,12.5%,12.5%,12.5%,12.5%,25.0%,25.0%,25.0%,37.5%,,,,,,,0.0%,0.0%,0.0%,0.0%,0.0%,0.0%,0.0%,0.0%,0.0%,0.0%,0.0%,0.0%,0.0%,0.0%,0.0%,12.5%,12.5%,12.5%,25.0%,25.0%,25.0%,37.5%,,,,,,,,15.6%,,,,,,,,,,,,,,,,,,,,,,,,,,,,
Skull King's Legacy,Helmet,5,Normal,,,,,,,,,,,,,1.0%,,,,2.0%,,1.0%,0.0%,0.0%,0.0%,1.0%,1.0%,0.0%,1.0%,,,,,,,,0.0%,0.0%,0.0%,0.0%,0.0%,0.0%,0.0%,0.0%,,,,,,,0.0%,0.0%,0.0%,0.0%,0.0%,0.0%,0.0%,0.0%,1.0%,0.0%,0.0%,1.0%,1.0%,0.0%,1.0%,0.0%,0.0%,0.0%,0.0%,0.0%,0.0%,0.0%,,,,,,,,1.0%,,,,,,,,,,,,,,,,,,,,,,,,,,,,
Prosecutor's Will,Helmet,23,Normal,,,,,,,,,,,,,3.0%,,,,6.0%,,3.0%,0.0%,0.0%,0.0%,3.0%,3.0%,0.0%,3.0%,,,,,,,,0.0%,0.0%,0.0%,0.0%,0.0%,0.0%,0.0%,0.0%,,,,,,,0.0%,0.0%,0.0%,0.0%,0.0%,0.0%,0.0%,0.0%,3.0%,0.0%,0.0%,3.0%,3.0%,0.0%,3.0%,0.0%,0.0%,0.0%,0.0%,0.0%,0.0%,0.0%,,,,,,,,3.0%,,,,,,,,,,,,,,,,,,,,,,,,,,,,
Hunting Helm,Helmet,60,Hunter,,,,,,,,,,,,,,,,,,,0.0%,0.0%,0.0%,0.0%,0.0%,0.0%,0.0%,0.0%,,,,,,,,0.0%,0.0%,0.0%,0.0%,0.0%,0.0%,0.0%,0.0%,,,,,,,0.0%,0.0%,0.0%,0.0%,0.0%,0.0%,0.0%,0.0%,0.0%,0.0%,0.0%,0.0%,0.0%,0.0%,0.0%,0.0%,0.0%,0.0%,0.0%,0.0%,0.0%,0.0%,,,5.0%,3000,10.0%,,,0.0%,,,,,,,,,,,,,,,,,,,,,,,,,,,,
Helmet of Conquest,Helmet,35,Normal,,,,,,26.5%,,,,,,,5.0%,,,,9.0%,,5.0%,0.0%,0.0%,0.0%,5.0%,5.0%,0.0%,5.0%,,,,,,,,0.0%,0.0%,0.0%,0.0%,0.0%,0.0%,0.0%,0.0%,,,,,,,0.0%,0.0%,0.0%,0.0%,0.0%,0.0%,0.0%,0.0%,5.0%,0.0%,0.0%,5.0%,5.0%,0.0%,5.0%,0.0%,0.0%,0.0%,0.0%,0.0%,0.0%,0.0%,,,,,,,,5.0%,,,,,,,,,,,,,,,,,,,,,,,,,,,,
Gladiator Helm,Helmet,29,Normal,,,,,,,,,,,,,,,,,,,0.0%,0.0%,0.0%,0.0%,0.0%,0.0%,0.0%,0.0%,9.0%,,,,,,,0.0%,0.0%,0.0%,0.0%,0.0%,0.0%,0.0%,0.0%,,,,,,,0.0%,0.0%,0.0%,0.0%,0.0%,0.0%,0.0%,0.0%,0.0%,0.0%,0.0%,0.0%,0.0%,0.0%,0.0%,0.0%,0.0%,0.0%,0.0%,0.0%,0.0%,0.0%,14.5%,,,,,,,0.0%,,,,,,,,,,,,,,,,,,,,,,,,,,,,
Devil Visage,Helmet,35,Normal,,,,,,,,,,,,,,,,,,,0.0%,0.0%,0.0%,0.0%,0.0%,0.0%,0.0%,0.0%,10.5%,,,,,,14.5%,14.5%,14.5%,14.5%,14.5%,29.0%,29.0%,29.0%,43.5%,,,,,,,0.0%,0.0%,0.0%,0.0%,0.0%,0.0%,0.0%,0.0%,0.0%,0.0%,0.0%,0.0%,0.0%,0.0%,0.0%,14.5%,14.5%,14.5%,29.0%,29.0%,29.0%,43.5%,17.0%,,,,,,,18.1%,,,,,,,,,,,,,,,,,,,,,,,,,,,,
Deathgazer,Helmet,40,Normal,,,,,,,,,,,,,,,,,10.0%,,0.0%,0.0%,0.0%,0.0%,0.0%,0.0%,0.0%,0.0%,11.5%,,,,,,16.0%,16.0%,16.0%,16.0%,16.0%,32.0%,32.0%,32.0%,48.0%,,,,,,,0.0%,0.0%,0.0%,0.0%,0.0%,0.0%,0.0%,0.0%,0.0%,0.0%,0.0%,0.0%,0.0%,0.0%,0.0%,16.0%,16.0%,16.0%,32.0%,32.0%,32.0%,48.0%,,,,,,,,20.0%,,,,,,,,,,,,,,,,,,,,,,,,,,,,
Chieftain Headdress,Helmet,11,Normal,,,,,13.0%,,,,,,,,,,,,,,0.0%,0.0%,0.0%,0.0%,0.0%,0.0%,0.0%,0.0%,,,,,,,,0.0%,0.0%,0.0%,0.0%,0.0%,0.0%,0.0%,0.0%,,,,,,,0.0%,0.0%,0.0%,0.0%,0.0%,0.0%,0.0%,0.0%,0.0%,0.0%,0.0%,0.0%,0.0%,0.0%,0.0%,0.0%,0.0%,0.0%,0.0%,0.0%,0.0%,0.0%,6.0%,,,,,,,0.0%,,,,,,,,,,,,,,,,,,,,,,,,,,,,
Blood-Stained Helm,Helmet,40,Gargantua,,,,,,,,,,,,,,,8.0%,,,,0.0%,0.0%,8.0%,0.0%,0.0%,8.0%,8.0%,8.0%,,,,8.0%,,,,0.0%,0.0%,8.0%,0.0%,0.0%,8.0%,8.0%,8.0%,,,8.0%,,,,0.0%,0.0%,8.0%,0.0%,0.0%,8.0%,8.0%,8.0%,0.0%,0.0%,16.0%,0.0%,16.0%,16.0%,16.0%,0.0%,0.0%,16.0%,0.0%,16.0%,16.0%,16.0%,,,,,,,,17.6%,,,,,,,,,,,,,,,,,,,,,,,,,,,,
Berserker Tuskhelm,Helmet,40,Normal,,,,,,,,,,,,,5.0%,,,,10.0%,,5.0%,0.0%,0.0%,0.0%,5.0%,5.0%,0.0%,5.0%,,,,,,,10.5%,10.5%,10.5%,10.5%,10.5%,21.0%,21.0%,21.0%,31.5%,,,,,,,0.0%,0.0%,0.0%,0.0%,0.0%,0.0%,0.0%,0.0%,5.0%,0.0%,0.0%,5.0%,5.0%,0.0%,5.0%,10.5%,10.5%,10.5%,21.0%,21.0%,21.0%,31.5%,,,,,,,,18.1%,,,,,,,,,,,,,,,,,,,,,,,,,,,,
Barbarian Helmet,Helmet,17,Normal,,,,,,,,,,,,,2.5%,,,,,,2.5%,0.0%,0.0%,0.0%,2.5%,2.5%,0.0%,2.5%,5.5%,,,,,,4.5%,4.5%,4.5%,4.5%,4.5%,9.0%,9.0%,9.0%,13.5%,,,,,,,0.0%,0.0%,0.0%,0.0%,0.0%,0.0%,0.0%,0.0%,2.5%,0.0%,0.0%,2.5%,2.5%,0.0%,2.5%,4.5%,4.5%,4.5%,9.0%,9.0%,9.0%,13.5%,,,,,,,,8.1%,,,,,,,,,,,,,,,,,,,,,,,,,,,,
Ancient Hat,Helmet,55,Grim Reaper,,,,,,,,,,,,,,28.0%,,,,,0.0%,28.0%,0.0%,0.0%,28.0%,0.0%,28.0%,28.0%,,,25.0%,,,,15.0%,15.0%,40.0%,15.0%,15.0%,55.0%,30.0%,55.0%,70.0%,,,,,,,0.0%,0.0%,0.0%,0.0%,0.0%,0.0%,0.0%,0.0%,0.0%,28.0%,0.0%,28.0%,0.0%,28.0%,28.0%,15.0%,40.0%,15.0%,55.0%,30.0%,55.0%,70.0%,,,,,,,,56.8%,,,,,,,,,,,,,,,,,,,,,,,,,,,,
Shadow Helm,Helmet,50,Mega Maggot,,,,,,,,,,,,,10.0%,,,,30.0%,,10.0%,0.0%,0.0%,0.0%,10.0%,10.0%,0.0%,10.0%,15.0%,,,,,30.0%,,0.0%,0.0%,0.0%,0.0%,0.0%,0.0%,0.0%,0.0%,,,,,,,0.0%,0.0%,0.0%,0.0%,0.0%,0.0%,0.0%,0.0%,10.0%,0.0%,0.0%,10.0%,10.0%,0.0%,10.0%,0.0%,0.0%,0.0%,0.0%,0.0%,0.0%,0.0%,,,,,,,,10.0%,,,,,,,,,,,,,,,,,,,,,,,,,,,,
Strigine Hood,Helmet,45,Hootclaw,,,,,,,,,,,,,,,7.0%,,,,0.0%,0.0%,7.0%,0.0%,0.0%,7.0%,7.0%,7.0%,,,,,,,,0.0%,0.0%,0.0%,0.0%,0.0%,0.0%,0.0%,0.0%,,,10.0%,,,3.0%,3.0%,3.0%,13.0%,3.0%,6.0%,16.0%,16.0%,19.0%,3.0%,3.0%,20.0%,6.0%,23.0%,23.0%,26.0%,3.0%,3.0%,13.0%,6.0%,16.0%,16.0%,19.0%,,,,,,,,22.4%,,,,,,,,,,,,,,,,,,,,,,,,,,,,
Indulgent Visage,Helmet,40,Bon Appetis,,,,,,,,,,,,,10.0%,10.0%,,,,,10.0%,10.0%,0.0%,0.0%,20.0%,10.0%,10.0%,20.0%,,,,,,,,0.0%,0.0%,0.0%,0.0%,0.0%,0.0%,0.0%,0.0%,,,,,,,0.0%,0.0%,0.0%,0.0%,0.0%,0.0%,0.0%,0.0%,10.0%,10.0%,0.0%,20.0%,10.0%,10.0%,20.0%,0.0%,0.0%,0.0%,0.0%,0.0%,0.0%,0.0%,,,,,,,,20.0%,,,,,,,,,,,,,,,,,,,,,,,,,,,,
Beast Helm,Helmet,60,Saberfang,,,,,,,,,,,,,30.0%,,25.0%,,,,30.0%,0.0%,25.0%,0.0%,30.0%,55.0%,25.0%,55.0%,,,,,,,,0.0%,0.0%,0.0%,0.0%,0.0%,0.0%,0.0%,0.0%,,,,,,15.0%,15.0%,15.0%,15.0%,15.0%,30.0%,30.0%,30.0%,45.0%,45.0%,15.0%,40.0%,60.0%,85.0%,55.0%,100.0%,15.0%,15.0%,15.0%,30.0%,30.0%,30.0%,45.0%,,35.0%,,,,,,91.8%,,,,,,,,,,,,,,,,,,,,,,,,,,,,
Bumblehelm,Helmet,60,Queen Bee,,,,,,,,,,,,,,30.0%,30.0%,,,,0.0%,30.0%,30.0%,0.0%,30.0%,30.0%,60.0%,60.0%,,,,,,,,0.0%,0.0%,0.0%,0.0%,0.0%,0.0%,0.0%,0.0%,,,,,,20.0%,20.0%,20.0%,20.0%,20.0%,40.0%,40.0%,40.0%,60.0%,20.0%,50.0%,50.0%,70.0%,70.0%,100.0%,120.0%,20.0%,20.0%,20.0%,40.0%,40.0%,40.0%,60.0%,,,,,,,,109.0%,,,,,,,,,,,,,,,,,,,,,,,,,,,,
Coarse Helm,Helmet,40,Hardrox,,,5.0%,15.0%,,,,,25.0%,,,,,,,,,,0.0%,0.0%,0.0%,0.0%,0.0%,0.0%,0.0%,0.0%,,,,,,,,0.0%,0.0%,0.0%,0.0%,0.0%,0.0%,0.0%,0.0%,,,,,,,0.0%,0.0%,0.0%,0.0%,0.0%,0.0%,0.0%,0.0%,0.0%,0.0%,0.0%,0.0%,0.0%,0.0%,0.0%,0.0%,0.0%,0.0%,0.0%,0.0%,0.0%,0.0%,,,,,,,,0.0%,,,,,,,,,,,,,,,,,,,,,,,,,,,,
Champion Helm,Helmet,60,Champion,,,,,,75.0%,,,,,,,,,35.0%,,,10.0%,10.0%,10.0%,45.0%,10.0%,20.0%,55.0%,55.0%,65.0%,,,,,,,,0.0%,0.0%,0.0%,0.0%,0.0%,0.0%,0.0%,0.0%,,,,,,35.0%,35.0%,35.0%,35.0%,35.0%,70.0%,70.0%,70.0%,105.0%,45.0%,45.0%,80.0%,90.0%,125.0%,125.0%,170.0%,35.0%,35.0%,35.0%,70.0%,70.0%,70.0%,105.0%,,,,,,,,151.8%,,,,,,,,,,,,Crimson Mane,7,3.00%,Adamant Plate,6,25.00%,Crystal Silk,6,23.50%,Veronica's Veil,9,24.00%,Aurichalcum,,24.00%,,
Champion Visor,Helmet,60,Champion,,,,,,75.0%,,,,,,,25.0%,25.0%,,,,10.0%,35.0%,35.0%,10.0%,10.0%,70.0%,45.0%,45.0%,80.0%,,,,,,,,0.0%,0.0%,0.0%,0.0%,0.0%,0.0%,0.0%,0.0%,,,,,,20.0%,20.0%,20.0%,20.0%,20.0%,40.0%,40.0%,40.0%,60.0%,55.0%,55.0%,30.0%,110.0%,85.0%,85.0%,140.0%,20.0%,20.0%,20.0%,40.0%,40.0%,40.0%,60.0%,,,,,,,,130.0%,,,,,,,,,,,,Crimson Mane,7,3.00%,Adamant Plate,6,25.00%,Crystal Silk,6,23.50%,Veronica's Veil,9,24.00%,Aurichalcum,,24.00%,,
Champion Armet,Helmet,60,Champion,,,,,,75.0%,,,,,,,,25.0%,25.0%,,,10.0%,10.0%,35.0%,35.0%,10.0%,45.0%,45.0%,70.0%,80.0%,,,,,,,20.0%,20.0%,20.0%,20.0%,20.0%,40.0%,40.0%,40.0%,60.0%,,,,,,,0.0%,0.0%,0.0%,0.0%,0.0%,0.0%,0.0%,0.0%,10.0%,35.0%,35.0%,45.0%,45.0%,70.0%,80.0%,20.0%,20.0%,20.0%,40.0%,40.0%,40.0%,60.0%,,,,,,,,106.0%,,,,,,,,,,,,Crimson Mane,7,3.00%,Adamant Plate,6,25.00%,Crystal Silk,6,23.50%,Veronica's Veil,9,24.00%,Aurichalcum,,24.00%,,
Winter Stompers,Legs,45,Snow Beast,,,,,,,,,,,,,,,7.0%,,,,0.0%,0.0%,7.0%,0.0%,0.0%,7.0%,7.0%,7.0%,,,25.0%,,,,13.0%,13.0%,38.0%,13.0%,13.0%,51.0%,26.0%,51.0%,64.0%,,,,,,,0.0%,0.0%,0.0%,0.0%,0.0%,0.0%,0.0%,0.0%,0.0%,0.0%,7.0%,0.0%,7.0%,7.0%,7.0%,13.0%,38.0%,13.0%,51.0%,26.0%,51.0%,64.0%,,,,,,,,33.3%,,,,,,,,,,,,,,,,,,,,,,,,,,,,
Sylph Sandals,Legs,35,Normal,,,,,,,,,,,,,,4.0%,2.5%,,,,0.0%,4.0%,2.5%,0.0%,4.0%,2.5%,6.5%,6.5%,5.5%,,,,,,,0.0%,0.0%,0.0%,0.0%,0.0%,0.0%,0.0%,0.0%,,,,,,,0.0%,0.0%,0.0%,0.0%,0.0%,0.0%,0.0%,0.0%,0.0%,4.0%,2.5%,4.0%,2.5%,6.5%,6.5%,0.0%,0.0%,0.0%,0.0%,0.0%,0.0%,0.0%,,,,,,,,6.5%,,,,,,,,,,,,,,,,,,,,,,,,,,,,
Seafarer Cleats,Legs,35,Normal,3.5%,,,,,,,,,,,,,,4.0%,,,,0.0%,0.0%,4.0%,0.0%,0.0%,4.0%,4.0%,4.0%,,,,,,,,0.0%,0.0%,0.0%,0.0%,0.0%,0.0%,0.0%,0.0%,,,,,,,0.0%,0.0%,0.0%,0.0%,0.0%,0.0%,0.0%,0.0%,0.0%,0.0%,4.0%,0.0%,4.0%,4.0%,4.0%,0.0%,0.0%,0.0%,0.0%,0.0%,0.0%,0.0%,27.5%,,,,,,,4.0%,,,,,,,,,,,,,,,,,,,,,,,,,,,,
Nomad Boots,Legs,29,Normal,,,,,,,,,,,,,,,2.5%,,,,0.0%,0.0%,2.5%,0.0%,0.0%,2.5%,2.5%,2.5%,5.0%,,,,,,,0.0%,0.0%,0.0%,0.0%,0.0%,0.0%,0.0%,0.0%,,,,,,,0.0%,0.0%,0.0%,0.0%,0.0%,0.0%,0.0%,0.0%,0.0%,0.0%,2.5%,0.0%,2.5%,2.5%,2.5%,0.0%,0.0%,0.0%,0.0%,0.0%,0.0%,0.0%,24.0%,,,,,,,2.5%,,,,,,,,,,,,,,,,,,,,,,,,,,,,
Marsh Treadders,Legs,3,Normal,1.0%,,,,,,,,,,,,,1.0%,,,,,0.0%,1.0%,0.0%,0.0%,1.0%,0.0%,1.0%,1.0%,,,,,,,,0.0%,0.0%,0.0%,0.0%,0.0%,0.0%,0.0%,0.0%,,,,,,,0.0%,0.0%,0.0%,0.0%,0.0%,0.0%,0.0%,0.0%,0.0%,1.0%,0.0%,1.0%,0.0%,1.0%,1.0%,0.0%,0.0%,0.0%,0.0%,0.0%,0.0%,0.0%,,,,,,,,1.0%,,,,,,,,,,,,,,,,,,,,,,,,,,,,
Gryphon Walkers,Legs,55,Gryphon,35.0%,17.5%,,,100.0%,,,,,,,,,,,,,,0.0%,0.0%,0.0%,0.0%,0.0%,0.0%,0.0%,0.0%,,,,,,,,0.0%,0.0%,0.0%,0.0%,0.0%,0.0%,0.0%,0.0%,,,,,,,0.0%,0.0%,0.0%,0.0%,0.0%,0.0%,0.0%,0.0%,0.0%,0.0%,0.0%,0.0%,0.0%,0.0%,0.0%,0.0%,0.0%,0.0%,0.0%,0.0%,0.0%,0.0%,,,,,,,,0.0%,,,,,,,,,,,,,,,,,,,,,,,,,,,,
Goatskin Boots,Legs,11,Normal,,,,,,,,,,,,,,,1.5%,,,,0.0%,0.0%,1.5%,0.0%,0.0%,1.5%,1.5%,1.5%,2.0%,,,,,,,0.0%,0.0%,0.0%,0.0%,0.0%,0.0%,0.0%,0.0%,,,,,,,0.0%,0.0%,0.0%,0.0%,0.0%,0.0%,0.0%,0.0%,0.0%,0.0%,1.5%,0.0%,1.5%,1.5%,1.5%,0.0%,0.0%,0.0%,0.0%,0.0%,0.0%,0.0%,,,,,,,,1.5%,,,,,,,,,,,,,,,,,,,,,,,,,,,,
Gargantuan Belt,Legs,60,Gargantua,,,,,,,,50.0%,,,,,,,37.5%,,,,0.0%,0.0%,37.5%,0.0%,0.0%,37.5%,37.5%,37.5%,,,,,,,15.0%,15.0%,15.0%,15.0%,15.0%,30.0%,30.0%,30.0%,45.0%,,,27.5%,,,,0.0%,0.0%,27.5%,0.0%,0.0%,27.5%,27.5%,27.5%,0.0%,0.0%,65.0%,0.0%,65.0%,65.0%,65.0%,15.0%,15.0%,42.5%,30.0%,57.5%,57.5%,72.5%,,,,,,,,78.3%,,,,,,,,,,,,,,,,,,,,,,,,,,,,
Frostwing Boots,Legs,40,Frostwing,,,,,,,,,,,,,,,6.0%,5.0%,,,0.0%,0.0%,6.0%,5.0%,0.0%,6.0%,6.0%,6.0%,14.5%,,,,,,,0.0%,0.0%,0.0%,0.0%,0.0%,0.0%,0.0%,0.0%,,,,,,,0.0%,0.0%,0.0%,0.0%,0.0%,0.0%,0.0%,0.0%,0.0%,0.0%,6.0%,0.0%,6.0%,6.0%,6.0%,0.0%,0.0%,0.0%,0.0%,0.0%,0.0%,0.0%,,,,,,,,6.5%,,,,,,,,,,,,,,,,,,,,,,,,,,,,
Dwarven Toe Guard,Legs,17,Normal,,,,,,16.0%,,,,,,,,2.0%,,,,,0.0%,2.0%,0.0%,0.0%,2.0%,0.0%,2.0%,2.0%,2.5%,,,,,,,0.0%,0.0%,0.0%,0.0%,0.0%,0.0%,0.0%,0.0%,,,,,,,0.0%,0.0%,0.0%,0.0%,0.0%,0.0%,0.0%,0.0%,0.0%,2.0%,0.0%,2.0%,0.0%,2.0%,2.0%,0.0%,0.0%,0.0%,0.0%,0.0%,0.0%,0.0%,,,,,,,,2.0%,,,,,,,,,,,,,,,,,,,,,,,,,,,,
Durable Boots,Legs,40,Normal,,,,,,,,,,,,,,4.5%,4.5%,,,,0.0%,4.5%,4.5%,0.0%,4.5%,4.5%,9.0%,9.0%,,,,,,,10.0%,10.0%,10.0%,10.0%,10.0%,20.0%,20.0%,20.0%,30.0%,,,,,,,0.0%,0.0%,0.0%,0.0%,0.0%,0.0%,0.0%,0.0%,0.0%,4.5%,4.5%,4.5%,4.5%,9.0%,9.0%,10.0%,10.0%,10.0%,20.0%,20.0%,20.0%,30.0%,,,,,,,,21.5%,,,,,,,,,,,,,,,,,,,,,,,,,,,,
Cobra Sandals,Legs,29,Normal,,,,,,,,,,,,,,3.5%,3.5%,,,,0.0%,3.5%,3.5%,0.0%,3.5%,3.5%,7.0%,7.0%,,,,,,,,0.0%,0.0%,0.0%,0.0%,0.0%,0.0%,0.0%,0.0%,,,,,,,0.0%,0.0%,0.0%,0.0%,0.0%,0.0%,0.0%,0.0%,0.0%,3.5%,3.5%,3.5%,3.5%,7.0%,7.0%,0.0%,0.0%,0.0%,0.0%,0.0%,0.0%,0.0%,,,,,,,,7.0%,,,,,,,,,,,,,,,,,,,,,,,,,,,,
Atlas Ankle Locks,Legs,23,Normal,,,,,,,,,,,,,,2.5%,,,,,0.0%,2.5%,0.0%,0.0%,2.5%,0.0%,2.5%,2.5%,,,,,,,6.0%,6.0%,6.0%,6.0%,6.0%,12.0%,12.0%,12.0%,18.0%,,,,,,,0.0%,0.0%,0.0%,0.0%,0.0%,0.0%,0.0%,0.0%,0.0%,2.5%,0.0%,2.5%,0.0%,2.5%,2.5%,6.0%,6.0%,6.0%,12.0%,12.0%,12.0%,18.0%,,,,,,,,10.0%,,,,,,,,,,,,,,,,,,,,,,,,,,,,
Amethyst Boots,Legs,40,Normal,4.0%,,,,,,,,,,,,,4.5%,4.5%,,,,0.0%,4.5%,4.5%,0.0%,4.5%,4.5%,9.0%,9.0%,,,,,,,,0.0%,0.0%,0.0%,0.0%,0.0%,0.0%,0.0%,0.0%,,,,,,,0.0%,0.0%,0.0%,0.0%,0.0%,0.0%,0.0%,0.0%,0.0%,4.5%,4.5%,4.5%,4.5%,9.0%,9.0%,0.0%,0.0%,0.0%,0.0%,0.0%,0.0%,0.0%,,,,,,,,9.0%,,,,,,,,,,,,,,,,,,,,,,,,,,,,
Legs of the Deceiver,Legs,55,Hell Drider,,,,,,,,,,,,,,5.0%,,,,12.0%,12.0%,17.0%,12.0%,12.0%,29.0%,24.0%,29.0%,41.0%,,,15.0%,,,,,0.0%,15.0%,0.0%,0.0%,15.0%,0.0%,15.0%,15.0%,,,,,,,0.0%,0.0%,0.0%,0.0%,0.0%,0.0%,0.0%,0.0%,12.0%,17.0%,12.0%,29.0%,24.0%,29.0%,41.0%,0.0%,15.0%,0.0%,15.0%,0.0%,15.0%,15.0%,,,,,,,,48.2%,,,,,,,,,,,,,,,,,,,,,,,,,,,,
Untamed Boots,Legs,55,Saberfang,,,,,,,,,,,,,,,20.0%,,,,0.0%,0.0%,20.0%,0.0%,0.0%,20.0%,20.0%,20.0%,,,,15.0%,,,,0.0%,0.0%,15.0%,0.0%,0.0%,15.0%,15.0%,15.0%,,,,,,15.0%,15.0%,15.0%,15.0%,15.0%,30.0%,30.0%,30.0%,45.0%,15.0%,15.0%,35.0%,30.0%,50.0%,50.0%,65.0%,15.0%,15.0%,30.0%,30.0%,45.0%,45.0%,60.0%,,30.0%,,,,,,62.8%,,,,,,,,,,,,,,,,,,,,,,,,,,,,
Nether Walkers,Legs,45,Grim Reaper,,,,,,,,,,,,,,15.0%,,,,,0.0%,15.0%,0.0%,0.0%,15.0%,0.0%,15.0%,15.0%,,,10.0%,,,,15.0%,15.0%,25.0%,15.0%,15.0%,40.0%,30.0%,40.0%,55.0%,,,,,,,0.0%,0.0%,0.0%,0.0%,0.0%,0.0%,0.0%,0.0%,0.0%,15.0%,0.0%,15.0%,0.0%,15.0%,15.0%,15.0%,25.0%,15.0%,40.0%,30.0%,40.0%,55.0%,,,,,,,,37.8%,,,,,,,,,,,,,,,,,,,,,,,,,,,,
Corrupted Boots,Legs,40,Mecha Trojan,,,,,,,,,,,,,10.0%,,,15.0%,,,10.0%,0.0%,0.0%,15.0%,10.0%,10.0%,0.0%,10.0%,,10.0%,,,,,,10.0%,0.0%,0.0%,0.0%,10.0%,10.0%,0.0%,10.0%,,,,15.0%,,,0.0%,0.0%,0.0%,15.0%,0.0%,0.0%,0.0%,0.0%,10.0%,0.0%,0.0%,10.0%,10.0%,0.0%,10.0%,10.0%,0.0%,0.0%,10.0%,10.0%,0.0%,10.0%,,,,,,,,16.3%,,,,,,,,,,,,,,,,,,,,,,,,,,,,
Honeycomb Chaps,Legs,40,Queen Bee,,,,,,,,,,,,,,12.0%,12.0%,,,,0.0%,12.0%,12.0%,0.0%,12.0%,12.0%,24.0%,24.0%,,,5.0%,,,,,0.0%,5.0%,0.0%,0.0%,5.0%,0.0%,5.0%,5.0%,,,,,,,0.0%,0.0%,0.0%,0.0%,0.0%,0.0%,0.0%,0.0%,0.0%,12.0%,12.0%,12.0%,12.0%,24.0%,24.0%,0.0%,5.0%,0.0%,5.0%,0.0%,5.0%,5.0%,,,,,,,,26.0%,,,,,,,,,,,,,,,,,,,,,,,,,,,,
Craggy Greaves,Legs,50,Hardrox,,,10.0%,,,,20.0%,,,25.0%,,,,,,,,,0.0%,0.0%,0.0%,0.0%,0.0%,0.0%,0.0%,0.0%,,,,,,,,0.0%,0.0%,0.0%,0.0%,0.0%,0.0%,0.0%,0.0%,,,,,,,0.0%,0.0%,0.0%,0.0%,0.0%,0.0%,0.0%,0.0%,0.0%,0.0%,0.0%,0.0%,0.0%,0.0%,0.0%,0.0%,0.0%,0.0%,0.0%,0.0%,0.0%,0.0%,,,,,,,,0.0%,,,,,,,,,,,,,,,,,,,,,,,,,,,,
Stealthy Steps,Legs,50,Hootclaw,,,,,,,,,,,,,,16.0%,,,,,0.0%,16.0%,0.0%,0.0%,16.0%,0.0%,16.0%,16.0%,,,20.0%,,,,,0.0%,20.0%,0.0%,0.0%,20.0%,0.0%,20.0%,20.0%,,,,,,8.0%,8.0%,8.0%,8.0%,8.0%,16.0%,16.0%,16.0%,24.0%,8.0%,24.0%,8.0%,32.0%,16.0%,32.0%,40.0%,8.0%,28.0%,8.0%,36.0%,16.0%,36.0%,44.0%,,,,,,,,43.6%,,,,,,,,,,,,,,,,,,,,,,,,,,,,
Steps of Reckoning,Legs,50,Cottageroar,,,,,,,,,,,,,16.0%,,,,,,16.0%,0.0%,0.0%,0.0%,16.0%,16.0%,0.0%,16.0%,,12.0%,,,,,,12.0%,0.0%,0.0%,0.0%,12.0%,12.0%,0.0%,12.0%,8.0%,,,,,,8.0%,0.0%,0.0%,0.0%,8.0%,8.0%,0.0%,8.0%,24.0%,0.0%,0.0%,24.0%,24.0%,0.0%,24.0%,20.0%,0.0%,0.0%,20.0%,20.0%,0.0%,20.0%,,,,,,,,27.2%,,,,,,,,,,,,,,,,,,,,,,,,,,,,
Hunting Greaves,Legs,55,Hunter,,,,,,,,,,,,,,,,,,,0.0%,0.0%,0.0%,0.0%,0.0%,0.0%,0.0%,0.0%,,,,,,,,0.0%,0.0%,0.0%,0.0%,0.0%,0.0%,0.0%,0.0%,,,,,,,0.0%,0.0%,0.0%,0.0%,0.0%,0.0%,0.0%,0.0%,0.0%,0.0%,0.0%,0.0%,0.0%,0.0%,0.0%,0.0%,0.0%,0.0%,0.0%,0.0%,0.0%,0.0%,,,,2000,5.0%,50,30.0%,0.0%,,,,,,,,,,,,,,,,,,,,,,,,,,,,
Dragon's Talon,Legs,60,Blackwing,,,,,,,,,,,,,20.0%,30.0%,,,,,20.0%,30.0%,0.0%,0.0%,50.0%,20.0%,30.0%,50.0%,,,,,,,,0.0%,0.0%,0.0%,0.0%,0.0%,0.0%,0.0%,0.0%,,,,,,15.0%,15.0%,15.0%,15.0%,15.0%,30.0%,30.0%,30.0%,45.0%,35.0%,45.0%,15.0%,80.0%,50.0%,60.0%,95.0%,15.0%,15.0%,15.0%,30.0%,30.0%,30.0%,45.0%,,,,,,,,86.8%,,,,,,,,,,,,,,,,,,,,,,,,,,,,
Storm Tasset,Legs,60,Tidal Titan,,,,,,,,,,,,,30.0%,,30.0%,,,,30.0%,0.0%,30.0%,0.0%,30.0%,60.0%,30.0%,60.0%,,,,,,,20.0%,20.0%,20.0%,20.0%,20.0%,40.0%,40.0%,40.0%,60.0%,,,,,,10.0%,10.0%,10.0%,10.0%,10.0%,20.0%,20.0%,20.0%,30.0%,40.0%,10.0%,40.0%,50.0%,80.0%,50.0%,90.0%,30.0%,30.0%,30.0%,60.0%,60.0%,60.0%,90.0%,,,,,,,,109.5%,,,,,,,,,,,,,,,,,,,,,,,,,,,,
Champion Stride,Legs,60,Champion,,,,,,,,,,,,,40.0%,,,,,10.0%,50.0%,10.0%,10.0%,10.0%,60.0%,60.0%,20.0%,70.0%,,,,,,,,0.0%,0.0%,0.0%,0.0%,0.0%,0.0%,0.0%,0.0%,,,,,,22.0%,22.0%,22.0%,22.0%,22.0%,44.0%,44.0%,44.0%,66.0%,72.0%,32.0%,32.0%,104.0%,104.0%,64.0%,136.0%,22.0%,22.0%,22.0%,44.0%,44.0%,44.0%,66.0%,,50.0%,,,,,,124.9%,,,,,,,,,,,,Crimson Mane,5,3.00%,Adamant Plate,2,25.00%,Crystal Silk,,23.50%,Veronica's Veil,7,24.00%,Aurichalcum,6,24.00%,,
Champion Greaves,Legs,60,Champion,,,,,,,,,,,,,,,40.0%,,,10.0%,10.0%,10.0%,50.0%,10.0%,20.0%,60.0%,60.0%,70.0%,,,,,,,,0.0%,0.0%,0.0%,0.0%,0.0%,0.0%,0.0%,0.0%,,,,,,22.0%,22.0%,22.0%,22.0%,22.0%,44.0%,44.0%,44.0%,66.0%,32.0%,32.0%,72.0%,64.0%,104.0%,104.0%,136.0%,22.0%,22.0%,22.0%,44.0%,44.0%,44.0%,66.0%,,50.0%,,,,,,124.9%,,,,,,,,,,,,Crimson Mane,5,3.00%,Adamant Plate,2,25.00%,Crystal Silk,,23.50%,Veronica's Veil,7,24.00%,Aurichalcum,6,24.00%,,
Champion Boots,Legs,60,Champion,,,,,,,,,,,,,,40.0%,,,,10.0%,10.0%,50.0%,10.0%,10.0%,60.0%,20.0%,60.0%,70.0%,,,,,,,,0.0%,0.0%,0.0%,0.0%,0.0%,0.0%,0.0%,0.0%,,,,,,22.0%,22.0%,22.0%,22.0%,22.0%,44.0%,44.0%,44.0%,66.0%,32.0%,72.0%,32.0%,104.0%,64.0%,104.0%,136.0%,22.0%,22.0%,22.0%,44.0%,44.0%,44.0%,66.0%,,50.0%,,,,,,124.9%,,,,,,,,,,,,Crimson Mane,5,3.00%,Adamant Plate,2,25.00%,Crystal Silk,,23.50%,Veronica's Veil,7,24.00%,Aurichalcum,6,24.00%,,
Wyrm Rod,Main-hand,50,Jade Wyrm,,,,,,,,,50.0%,,,,,25.0%,,,,,0.0%,25.0%,0.0%,0.0%,25.0%,0.0%,25.0%,25.0%,,,,,,,,0.0%,0.0%,0.0%,0.0%,0.0%,0.0%,0.0%,0.0%,,17.5%,,,,,0.0%,17.5%,0.0%,0.0%,17.5%,0.0%,17.5%,17.5%,0.0%,42.5%,0.0%,42.5%,0.0%,42.5%,42.5%,0.0%,17.5%,0.0%,17.5%,0.0%,17.5%,17.5%,,,,,,,,39.0%,,,,,,,,,,,,,,,,,,,,,,,,,,,,
Wrath Star,Main-hand,31,Normal,,,,,,,,,,,,,,4.0%,8.0%,,,,0.0%,4.0%,8.0%,0.0%,4.0%,8.0%,12.0%,12.0%,,,,,,,,0.0%,0.0%,0.0%,0.0%,0.0%,0.0%,0.0%,0.0%,,,,,,,0.0%,0.0%,0.0%,0.0%,0.0%,0.0%,0.0%,0.0%,0.0%,4.0%,8.0%,4.0%,8.0%,12.0%,12.0%,0.0%,0.0%,0.0%,0.0%,0.0%,0.0%,0.0%,,,,,,,,12.0%,,,,,,,,,,,,,,,,,,,,,,,,,,,,
Venom Stinger,Main-hand,40,Normal,,,,,,,,,,,,,10.0%,5.0%,,,5.0%,,10.0%,5.0%,0.0%,0.0%,15.0%,10.0%,5.0%,15.0%,,,,,,,,0.0%,0.0%,0.0%,0.0%,0.0%,0.0%,0.0%,0.0%,,,,,,,0.0%,0.0%,0.0%,0.0%,0.0%,0.0%,0.0%,0.0%,10.0%,5.0%,0.0%,15.0%,10.0%,5.0%,15.0%,0.0%,0.0%,0.0%,0.0%,0.0%,0.0%,0.0%,,,,,,,,15.0%,,,,,,,,,,,,,,,,,,,,,,,,,,,,
Trident,Main-hand,35,Normal,7.0%,,,,,,,,,,,,,,,6.5%,5.0%,,0.0%,0.0%,0.0%,6.5%,0.0%,0.0%,0.0%,0.0%,,,,,,,,0.0%,0.0%,0.0%,0.0%,0.0%,0.0%,0.0%,0.0%,,,,,,,0.0%,0.0%,0.0%,0.0%,0.0%,0.0%,0.0%,0.0%,0.0%,0.0%,0.0%,0.0%,0.0%,0.0%,0.0%,0.0%,0.0%,0.0%,0.0%,0.0%,0.0%,0.0%,,,,,,,,0.7%,,,,,,,,,,,,,,,,,,,,,,,,,,,,
Terror Lash,Main-hand,55,Terrorthorn,10.0%,,,,,,,,,,,,27.5%,,,,,,27.5%,0.0%,0.0%,0.0%,27.5%,27.5%,0.0%,27.5%,,10.0%,,,,,,10.0%,0.0%,0.0%,0.0%,10.0%,10.0%,0.0%,10.0%,,,,,,,0.0%,0.0%,0.0%,0.0%,0.0%,0.0%,0.0%,0.0%,27.5%,0.0%,0.0%,27.5%,27.5%,0.0%,27.5%,10.0%,0.0%,0.0%,10.0%,10.0%,0.0%,10.0%,20.0%,,,,,,,31.5%,,,,,,,,,,,,,,,,,,,,,,,,,,,,
Tempest Crossbow,Main-hand,31,Normal,,,,,,,,,,,,,8.0%,3.0%,,3.5%,,,8.0%,3.0%,0.0%,3.5%,11.0%,8.0%,3.0%,11.0%,,,,,,,,0.0%,0.0%,0.0%,0.0%,0.0%,0.0%,0.0%,0.0%,,,,,,,0.0%,0.0%,0.0%,0.0%,0.0%,0.0%,0.0%,0.0%,8.0%,3.0%,0.0%,11.0%,8.0%,3.0%,11.0%,0.0%,0.0%,0.0%,0.0%,0.0%,0.0%,0.0%,,,,,,,,11.4%,,,,,,,,,,,,,,,,,,,,,,,,,,,,
Slayer's Sword,Main-hand,9,Normal,3.0%,,,,,,,,,,,,3.0%,,,,,,3.0%,0.0%,0.0%,0.0%,3.0%,3.0%,0.0%,3.0%,,,,,,,,0.0%,0.0%,0.0%,0.0%,0.0%,0.0%,0.0%,0.0%,,,,,,,0.0%,0.0%,0.0%,0.0%,0.0%,0.0%,0.0%,0.0%,3.0%,0.0%,0.0%,3.0%,3.0%,0.0%,3.0%,0.0%,0.0%,0.0%,0.0%,0.0%,0.0%,0.0%,,,,,,,,3.0%,,,,,,,,,,,,,,,,,,,,,,,,,,,,
Shadow Steel,Main-hand,15,Normal,,,,,,,,,,,,,,2.0%,3.5%,2.5%,,,0.0%,2.0%,3.5%,2.5%,2.0%,3.5%,5.5%,5.5%,,,,,,,,0.0%,0.0%,0.0%,0.0%,0.0%,0.0%,0.0%,0.0%,,,,,,,0.0%,0.0%,0.0%,0.0%,0.0%,0.0%,0.0%,0.0%,0.0%,2.0%,3.5%,2.0%,3.5%,5.5%,5.5%,0.0%,0.0%,0.0%,0.0%,0.0%,0.0%,0.0%,,,,,,,,5.8%,,,,,,,,,,,,,,,,,,,,,,,,,,,,
Septic Spikes,Main-hand,35,Normal,,,,,,,,,,,,,9.0%,,9.0%,6.5%,,,9.0%,0.0%,9.0%,6.5%,9.0%,18.0%,9.0%,18.0%,,,,,,,,0.0%,0.0%,0.0%,0.0%,0.0%,0.0%,0.0%,0.0%,,,,,,,0.0%,0.0%,0.0%,0.0%,0.0%,0.0%,0.0%,0.0%,9.0%,0.0%,9.0%,9.0%,18.0%,9.0%,18.0%,0.0%,0.0%,0.0%,0.0%,0.0%,0.0%,0.0%,,,,,,,,18.7%,,,,,,,,,,,,,,,,,,,,,,,,,,,,
Reaper's Axe,Main-hand,1,Normal,,,,,,,,,,,,,1.5%,,1.5%,,,,1.5%,0.0%,1.5%,0.0%,1.5%,3.0%,1.5%,3.0%,,,,,,,,0.0%,0.0%,0.0%,0.0%,0.0%,0.0%,0.0%,0.0%,,,,,,,0.0%,0.0%,0.0%,0.0%,0.0%,0.0%,0.0%,0.0%,1.5%,0.0%,1.5%,1.5%,3.0%,1.5%,3.0%,0.0%,0.0%,0.0%,0.0%,0.0%,0.0%,0.0%,,,,,,,,3.0%,,,,,,,,,,,,,,,,,,,,,,,,,,,,
Lumos Lance,Main-hand,27,Normal,5.5%,,,,,,,,,,,,6.5%,3.5%,,,,,6.5%,3.5%,0.0%,0.0%,10.0%,6.5%,3.5%,10.0%,,,,,,,,0.0%,0.0%,0.0%,0.0%,0.0%,0.0%,0.0%,0.0%,,,,,,,0.0%,0.0%,0.0%,0.0%,0.0%,0.0%,0.0%,0.0%,6.5%,3.5%,0.0%,10.0%,6.5%,3.5%,10.0%,0.0%,0.0%,0.0%,0.0%,0.0%,0.0%,0.0%,,,,,,,,10.0%,,,,,,,,,,,,,,,,,,,,,,,,,,,,
Horn Cudgel,Main-hand,55,Gargantua,,,,,,,,,,,,,,,30.0%,,,,0.0%,0.0%,30.0%,0.0%,0.0%,30.0%,30.0%,30.0%,,,,15.0%,,35.0%,,0.0%,0.0%,15.0%,0.0%,0.0%,15.0%,15.0%,15.0%,,,,,,,0.0%,0.0%,0.0%,0.0%,0.0%,0.0%,0.0%,0.0%,0.0%,0.0%,30.0%,0.0%,30.0%,30.0%,30.0%,0.0%,0.0%,15.0%,0.0%,15.0%,15.0%,15.0%,,,,,,,,36.0%,,,,,,,,,,,,,,,,,,,,,,,,,,,,
Frostwing Greatsword,Main-hand,60,Frostwing,,,,,,,,,,,,,20.0%,12.5%,20.0%,,,,20.0%,12.5%,20.0%,0.0%,32.5%,40.0%,32.5%,52.5%,,,,,,,,0.0%,0.0%,0.0%,0.0%,0.0%,0.0%,0.0%,0.0%,,,,,,,0.0%,0.0%,0.0%,0.0%,0.0%,0.0%,0.0%,0.0%,20.0%,12.5%,20.0%,32.5%,40.0%,32.5%,52.5%,0.0%,0.0%,0.0%,0.0%,0.0%,0.0%,0.0%,,,,,,,,52.5%,,,,,,,,,,,,,,,,,,,,,,,,,,,,
Fiery Tomahawk,Main-hand,40,Normal,,,,,,,,,,,,,6.5%,3.5%,10.0%,,,,6.5%,3.5%,10.0%,0.0%,10.0%,16.5%,13.5%,20.0%,,,,,,,,0.0%,0.0%,0.0%,0.0%,0.0%,0.0%,0.0%,0.0%,,,,,,,0.0%,0.0%,0.0%,0.0%,0.0%,0.0%,0.0%,0.0%,6.5%,3.5%,10.0%,10.0%,16.5%,13.5%,20.0%,0.0%,0.0%,0.0%,0.0%,0.0%,0.0%,0.0%,,,,,,,,20.0%,,,,,,,,,,,,,,,,,,,,,,,,,,,,
Fatal Flail,Main-hand,21,Normal,,,,,,,,,,,,,5.5%,,,,3.0%,,5.5%,0.0%,0.0%,0.0%,5.5%,5.5%,0.0%,5.5%,,,,,,,,0.0%,0.0%,0.0%,0.0%,0.0%,0.0%,0.0%,0.0%,,,,,,,0.0%,0.0%,0.0%,0.0%,0.0%,0.0%,0.0%,0.0%,5.5%,0.0%,0.0%,5.5%,5.5%,0.0%,5.5%,0.0%,0.0%,0.0%,0.0%,0.0%,0.0%,0.0%,,,,,,,,5.5%,,,,,,,,,,,,,,,,,,,,,,,,,,,,
Falcon Gale,Main-hand,40,Normal,,,,,,,,,,,,,,5.0%,10.0%,,5.0%,,0.0%,5.0%,10.0%,0.0%,5.0%,10.0%,15.0%,15.0%,,,,,,,,0.0%,0.0%,0.0%,0.0%,0.0%,0.0%,0.0%,0.0%,,,,,,,0.0%,0.0%,0.0%,0.0%,0.0%,0.0%,0.0%,0.0%,0.0%,5.0%,10.0%,5.0%,10.0%,15.0%,15.0%,0.0%,0.0%,0.0%,0.0%,0.0%,0.0%,0.0%,,,,,,,,15.0%,,,,,,,,,,,,,,,,,,,,,,,,,,,,
Nectar Orb,Main-hand,55,Queen Bee,,,,,,,,,,,,,,25.0%,25.0%,,,,0.0%,25.0%,25.0%,0.0%,25.0%,25.0%,50.0%,50.0%,,,,10.0%,,,,0.0%,0.0%,10.0%,0.0%,0.0%,10.0%,10.0%,10.0%,,10.0%,,,,,0.0%,10.0%,0.0%,0.0%,10.0%,0.0%,10.0%,10.0%,0.0%,35.0%,25.0%,35.0%,25.0%,60.0%,60.0%,0.0%,10.0%,10.0%,10.0%,10.0%,20.0%,20.0%,,,,,,,,62.0%,,,,,,,,,,,,,,,,,,,,,,,,,,,,
Decadent Sword,Main-hand,55,Bon Appetis,,,,,,,,,,,,,25.0%,25.0%,,,,,25.0%,25.0%,0.0%,0.0%,50.0%,25.0%,25.0%,50.0%,,,10.0%,,,,,0.0%,10.0%,0.0%,0.0%,10.0%,0.0%,10.0%,10.0%,10.0%,,,,,,10.0%,0.0%,0.0%,0.0%,10.0%,10.0%,0.0%,10.0%,35.0%,25.0%,0.0%,60.0%,35.0%,25.0%,60.0%,10.0%,10.0%,0.0%,20.0%,10.0%,10.0%,20.0%,,,,,,,,62.0%,,,,,,,,,,,,,,,,,,,,,,,,,,,,
Kraken's Anchor,Main-hand,55,Tidal Titan,,,,,,,,,,,,,25.0%,,25.0%,,,,25.0%,0.0%,25.0%,0.0%,25.0%,50.0%,25.0%,50.0%,,13.0%,,,,,,13.0%,0.0%,0.0%,0.0%,13.0%,13.0%,0.0%,13.0%,,,13.0%,,,,0.0%,0.0%,13.0%,0.0%,0.0%,13.0%,13.0%,13.0%,25.0%,0.0%,38.0%,25.0%,63.0%,38.0%,63.0%,13.0%,0.0%,13.0%,13.0%,26.0%,13.0%,26.0%,,,,,,,,65.6%,,,,,,,,,,,,,,,,,,,,,,,,,,,,
Electric Lance,Main-hand,50,Noceros,,10.0%,,,,,30.0%,,,,,,,,,,,,0.0%,0.0%,0.0%,0.0%,0.0%,0.0%,0.0%,0.0%,,,,,,,,0.0%,0.0%,0.0%,0.0%,0.0%,0.0%,0.0%,0.0%,,,,,,,0.0%,0.0%,0.0%,0.0%,0.0%,0.0%,0.0%,0.0%,0.0%,0.0%,0.0%,0.0%,0.0%,0.0%,0.0%,0.0%,0.0%,0.0%,0.0%,0.0%,0.0%,0.0%,35.0%,15.0%,,,,,,0.0%,,,,,,,,,,,,,,,,,,,,,,,,,,,,
Malicious Saw,Main-hand,50,Mecha Trojan,,,,,,,,,,,,,25.0%,,,25.0%,,,25.0%,0.0%,0.0%,25.0%,25.0%,25.0%,0.0%,25.0%,,15.0%,,,25.0%,,,15.0%,0.0%,0.0%,25.0%,15.0%,15.0%,0.0%,15.0%,,,,,,,0.0%,0.0%,0.0%,0.0%,0.0%,0.0%,0.0%,0.0%,25.0%,0.0%,0.0%,25.0%,25.0%,0.0%,25.0%,15.0%,0.0%,0.0%,15.0%,15.0%,0.0%,15.0%,,,,,,,,34.8%,,,,,,,,,,,,,,,,,,,,,,,,,,,,
Ripper Claw,Main-hand,45,Saberfang,,,,,,,,,,,,,,,20.0%,,,,0.0%,0.0%,20.0%,0.0%,0.0%,20.0%,20.0%,20.0%,,,,20.0%,,,,0.0%,0.0%,20.0%,0.0%,0.0%,20.0%,20.0%,20.0%,,,,,,,0.0%,0.0%,0.0%,0.0%,0.0%,0.0%,0.0%,0.0%,0.0%,0.0%,20.0%,0.0%,20.0%,20.0%,20.0%,0.0%,0.0%,20.0%,0.0%,20.0%,20.0%,20.0%,,15.0%,,,,,,28.0%,,,,,,,,,,,,,,,,,,,,,,,,,,,,
Harbringer,Main-hand,40,Grim Reaper,,,,,,,,,,,,,,8.0%,,,,,0.0%,8.0%,0.0%,0.0%,8.0%,0.0%,8.0%,8.0%,,,,,,,10.0%,10.0%,10.0%,10.0%,10.0%,20.0%,20.0%,20.0%,30.0%,,,,,,,0.0%,0.0%,0.0%,0.0%,0.0%,0.0%,0.0%,0.0%,0.0%,8.0%,0.0%,8.0%,0.0%,8.0%,8.0%,10.0%,10.0%,10.0%,20.0%,20.0%,20.0%,30.0%,,,,,,,,20.5%,,,,,,,,,,,,,,,,,,,,,,,,,,,,
Dragon's Bite,Main-hand,40,Blackwing,,,,,,,,,,,,,10.0%,,,,,,10.0%,0.0%,0.0%,0.0%,10.0%,10.0%,0.0%,10.0%,,,,,,,,0.0%,0.0%,0.0%,0.0%,0.0%,0.0%,0.0%,0.0%,,,,,,10.0%,10.0%,10.0%,10.0%,10.0%,20.0%,20.0%,20.0%,30.0%,20.0%,10.0%,10.0%,30.0%,30.0%,20.0%,40.0%,10.0%,10.0%,10.0%,20.0%,20.0%,20.0%,30.0%,,,,,,,,34.5%,,,,,,,,,,,,,,,,,,,,,,,,,,,,
Skullcrusher,Main-hand,60,Hell Drider,,,,,,,,,,,,,,15.0%,,,,20.0%,20.0%,35.0%,20.0%,20.0%,55.0%,40.0%,55.0%,75.0%,,25.0%,,,,,,25.0%,0.0%,0.0%,0.0%,25.0%,25.0%,0.0%,25.0%,,,,,,,0.0%,0.0%,0.0%,0.0%,0.0%,0.0%,0.0%,0.0%,20.0%,35.0%,20.0%,55.0%,40.0%,55.0%,75.0%,25.0%,0.0%,0.0%,25.0%,25.0%,0.0%,25.0%,,,,,,,,87.0%,,,,,,,,,,,,,,,,,,,,,,,,,,,,
Earthshatter,Main-hand,60,Hunter,,,,,,,,,,,,,,,,,,,0.0%,0.0%,0.0%,0.0%,0.0%,0.0%,0.0%,0.0%,,,,,,,,0.0%,0.0%,0.0%,0.0%,0.0%,0.0%,0.0%,0.0%,,,,,,,0.0%,0.0%,0.0%,0.0%,0.0%,0.0%,0.0%,0.0%,0.0%,0.0%,0.0%,0.0%,0.0%,0.0%,0.0%,0.0%,0.0%,0.0%,0.0%,0.0%,0.0%,0.0%,,,5.0%,2000,30.0%,,,0.0%,,,,,,,,,,,,,,,,,,,,,,,,,,,,
Ghastly Cane,Main-hand,60,Cottageroar,,,,,,,,,,,,,32.5%,,,,,,32.5%,0.0%,0.0%,0.0%,32.5%,32.5%,0.0%,32.5%,,,,,,,15.0%,15.0%,15.0%,15.0%,15.0%,30.0%,30.0%,30.0%,45.0%,10.0%,,,,,,10.0%,0.0%,0.0%,0.0%,10.0%,10.0%,0.0%,10.0%,42.5%,0.0%,0.0%,42.5%,42.5%,0.0%,42.5%,25.0%,15.0%,15.0%,40.0%,40.0%,30.0%,55.0%,,,,,,,,59.3%,,,,,,,,,,,,,,,,,,,,,,,,,,,,
Champion Edge,Main-hand,60,Champion,,15.0%,,,,,,,,,,,,,35.0%,,,15.0%,15.0%,15.0%,50.0%,15.0%,30.0%,65.0%,65.0%,80.0%,,,,,,,17.0%,17.0%,17.0%,17.0%,17.0%,34.0%,34.0%,34.0%,51.0%,,,,,,,0.0%,0.0%,0.0%,0.0%,0.0%,0.0%,0.0%,0.0%,15.0%,15.0%,50.0%,30.0%,65.0%,65.0%,80.0%,17.0%,17.0%,17.0%,34.0%,34.0%,34.0%,51.0%,,,,,,,,102.8%,,,,,,,,,,,,Crimson Mane,8,3.00%,Adamant Plate,7,25.00%,Crystal Silk,,23.50%,Veronica's Veil,8,24.00%,Aurichalcum,9,24.00%,,
Champion Blade,Main-hand,60,Champion,,15.0%,,,,,,,,,,,20.0%,20.0%,,,,15.0%,35.0%,35.0%,15.0%,15.0%,70.0%,50.0%,50.0%,85.0%,,,,,,,17.0%,17.0%,17.0%,17.0%,17.0%,34.0%,34.0%,34.0%,51.0%,,,,,,,0.0%,0.0%,0.0%,0.0%,0.0%,0.0%,0.0%,0.0%,35.0%,35.0%,15.0%,70.0%,50.0%,50.0%,85.0%,17.0%,17.0%,17.0%,34.0%,34.0%,34.0%,51.0%,,,,,,,,107.8%,,,,,,,,,,,,Crimson Mane,8,3.00%,Adamant Plate,7,25.00%,Crystal Silk,,23.50%,Veronica's Veil,8,24.00%,Aurichalcum,9,24.00%,,
Champion Greatsword,Main-hand,60,Champion,,15.0%,,,,,,,,,,,,20.0%,20.0%,,,15.0%,15.0%,35.0%,35.0%,15.0%,50.0%,50.0%,70.0%,85.0%,,,,,,,17.0%,17.0%,17.0%,17.0%,17.0%,34.0%,34.0%,34.0%,51.0%,,,,,,,0.0%,0.0%,0.0%,0.0%,0.0%,0.0%,0.0%,0.0%,15.0%,35.0%,35.0%,50.0%,50.0%,70.0%,85.0%,17.0%,17.0%,17.0%,34.0%,34.0%,34.0%,51.0%,,,,,,,,107.8%,,,,,,,,,,,,Crimson Mane,8,3.00%,Adamant Plate,7,25.00%,Crystal Silk,,23.50%,Veronica's Veil,8,24.00%,Aurichalcum,9,24.00%,,
Winter Mitts,Off-hand,60,Snow Beast,,,,,,,,,,,,,,10.0%,,,,,0.0%,10.0%,0.0%,0.0%,10.0%,0.0%,10.0%,10.0%,,32.5%,,,,,25.0%,57.5%,25.0%,25.0%,25.0%,82.5%,82.5%,50.0%,107.5%,,,,,,25.0%,25.0%,25.0%,25.0%,25.0%,50.0%,50.0%,50.0%,75.0%,25.0%,35.0%,25.0%,60.0%,50.0%,60.0%,85.0%,82.5%,50.0%,50.0%,132.5%,132.5%,100.0%,182.5%,,,,,,,,115.5%,,,,,,,,,,,,,,,,,,,,,,,,,,,,
Vice Grips,Off-hand,40,Normal,,5.0%,,,,,,,,,,,,,,,4.5%,,0.0%,0.0%,0.0%,0.0%,0.0%,0.0%,0.0%,0.0%,,,,,,,,0.0%,0.0%,0.0%,0.0%,0.0%,0.0%,0.0%,0.0%,,,,,,13.0%,13.0%,13.0%,13.0%,13.0%,26.0%,26.0%,26.0%,39.0%,13.0%,13.0%,13.0%,26.0%,26.0%,26.0%,39.0%,13.0%,13.0%,13.0%,26.0%,26.0%,26.0%,39.0%,,,,,,,,31.9%,,,,,,,,,,,,,,,,,,,,,,,,,,,,
Lunar Scimitar,Off-hand,35,Normal,,,,,,,,,,,,,,9.0%,,14.0%,,,0.0%,9.0%,0.0%,14.0%,9.0%,0.0%,9.0%,9.0%,,,,,,,,0.0%,0.0%,0.0%,0.0%,0.0%,0.0%,0.0%,0.0%,,,,,,11.5%,11.5%,11.5%,11.5%,11.5%,23.0%,23.0%,23.0%,34.5%,11.5%,20.5%,11.5%,32.0%,23.0%,32.0%,43.5%,11.5%,11.5%,11.5%,23.0%,23.0%,23.0%,34.5%,,,,,,,,38.6%,,,,,,,,,,,,,,,,,,,,,,,,,,,,
Umbral Whisper,Off-hand,31,Normal,,,,,,,,,,,,,,,,,3.5%,,0.0%,0.0%,0.0%,0.0%,0.0%,0.0%,0.0%,0.0%,,,,,,,,0.0%,0.0%,0.0%,0.0%,0.0%,0.0%,0.0%,0.0%,,,,,,10.0%,10.0%,10.0%,10.0%,10.0%,20.0%,20.0%,20.0%,30.0%,10.0%,10.0%,10.0%,20.0%,20.0%,20.0%,30.0%,10.0%,10.0%,10.0%,20.0%,20.0%,20.0%,30.0%,,,,,,,,24.5%,,,,,,,,,,,,,,,,,,,,,,,,,,,,
Frostwing Shield,Off-hand,40,Frostwing,,,,,,,,,,,,,,,,,,,0.0%,0.0%,0.0%,0.0%,0.0%,0.0%,0.0%,0.0%,9.0%,,,,,,12.5%,12.5%,12.5%,12.5%,12.5%,25.0%,25.0%,25.0%,37.5%,,,,,,8.5%,8.5%,8.5%,8.5%,8.5%,17.0%,17.0%,17.0%,25.5%,8.5%,8.5%,8.5%,17.0%,17.0%,17.0%,25.5%,21.0%,21.0%,21.0%,42.0%,42.0%,42.0%,63.0%,,,,,,,,36.5%,,,,,,,,,,,,,,,,,,,,,,,,,,,,
Herald's Crest,Off-hand,19,Normal,,,,,,,,,,,,,,,2.5%,,2.0%,,0.0%,0.0%,2.5%,0.0%,0.0%,2.5%,2.5%,2.5%,,,,,,,,0.0%,0.0%,0.0%,0.0%,0.0%,0.0%,0.0%,0.0%,,,,,,6.5%,6.5%,6.5%,6.5%,6.5%,13.0%,13.0%,13.0%,19.5%,6.5%,6.5%,9.0%,13.0%,15.5%,15.5%,22.0%,6.5%,6.5%,6.5%,13.0%,13.0%,13.0%,19.5%,,,,,,,,18.4%,,,,,,,,,,,,,,,,,,,,,,,,,,,,
Tome of Saints,Off-hand,13,Normal,,2.0%,,,,,,,,,,,,3.0%,,,,,0.0%,3.0%,0.0%,0.0%,3.0%,0.0%,3.0%,3.0%,,,,,,,,0.0%,0.0%,0.0%,0.0%,0.0%,0.0%,0.0%,0.0%,,,,,,,0.0%,0.0%,0.0%,0.0%,0.0%,0.0%,0.0%,0.0%,0.0%,3.0%,0.0%,3.0%,0.0%,3.0%,3.0%,0.0%,0.0%,0.0%,0.0%,0.0%,0.0%,0.0%,,,,,,,,3.0%,,,,,,,,,,,,,,,,,,,,,,,,,,,,
Rabid Claws,Off-hand,31,Normal,,,,,,,,,,,,,3.5%,,4.0%,11.5%,,,3.5%,0.0%,4.0%,11.5%,3.5%,7.5%,4.0%,7.5%,,,,,,,,0.0%,0.0%,0.0%,0.0%,0.0%,0.0%,0.0%,0.0%,,,,,,,0.0%,0.0%,0.0%,0.0%,0.0%,0.0%,0.0%,0.0%,3.5%,0.0%,4.0%,3.5%,7.5%,4.0%,7.5%,0.0%,0.0%,0.0%,0.0%,0.0%,0.0%,0.0%,,,,,,,,8.7%,,,,,,,,,,,,,,,,,,,,,,,,,,,,
Noah's Cube,Off-hand,35,Normal,,,,,,,,,,,,,,6.0%,5.0%,14.0%,,,0.0%,6.0%,5.0%,14.0%,6.0%,5.0%,11.0%,11.0%,,,,,,,,0.0%,0.0%,0.0%,0.0%,0.0%,0.0%,0.0%,0.0%,,,,,,,0.0%,0.0%,0.0%,0.0%,0.0%,0.0%,0.0%,0.0%,0.0%,6.0%,5.0%,6.0%,5.0%,11.0%,11.0%,0.0%,0.0%,0.0%,0.0%,0.0%,0.0%,0.0%,,,,,,,,12.4%,,,,,,,,,,,,,,,,,,,,,,,,,,,,
Morning Star,Off-hand,25,Normal,,,,,,,,,,,,,3.0%,6.5%,,,,,3.0%,6.5%,0.0%,0.0%,9.5%,3.0%,6.5%,9.5%,,,,,,,,0.0%,0.0%,0.0%,0.0%,0.0%,0.0%,0.0%,0.0%,,,,,,,0.0%,0.0%,0.0%,0.0%,0.0%,0.0%,0.0%,0.0%,3.0%,6.5%,0.0%,9.5%,3.0%,6.5%,9.5%,0.0%,0.0%,0.0%,0.0%,0.0%,0.0%,0.0%,,,,,,,,9.5%,,,,,,,,,,,,,,,,,,,,,,,,,,,,
Hunting Mace,Off-hand,50,Hunter,,,,,,,,,,,,,,,,,,,0.0%,0.0%,0.0%,0.0%,0.0%,0.0%,0.0%,0.0%,,,,,,,,0.0%,0.0%,0.0%,0.0%,0.0%,0.0%,0.0%,0.0%,,,,,,,0.0%,0.0%,0.0%,0.0%,0.0%,0.0%,0.0%,0.0%,0.0%,0.0%,0.0%,0.0%,0.0%,0.0%,0.0%,0.0%,0.0%,0.0%,0.0%,0.0%,0.0%,0.0%,,,,,30.0%,50,,0.0%,,,,,,,,,,,,,,,,,,,,,,,,,,,,
Gryphon's Talon,Off-hand,45,Gryphon,17.5%,,,,,35.0%,,,,,,,,,,,,,0.0%,0.0%,0.0%,0.0%,0.0%,0.0%,0.0%,0.0%,,,,,,,,0.0%,0.0%,0.0%,0.0%,0.0%,0.0%,0.0%,0.0%,,,,,,,0.0%,0.0%,0.0%,0.0%,0.0%,0.0%,0.0%,0.0%,0.0%,0.0%,0.0%,0.0%,0.0%,0.0%,0.0%,0.0%,0.0%,0.0%,0.0%,0.0%,0.0%,0.0%,25.0%,,,,,,,0.0%,,,,,,,,,,,,,,,,,,,,,,,,,,,,
Fiendish Fang,Off-hand,7,Normal,,,,,,,,,,,,,,,1.5%,3.5%,,,0.0%,0.0%,1.5%,3.5%,0.0%,1.5%,1.5%,1.5%,,,,,,,,0.0%,0.0%,0.0%,0.0%,0.0%,0.0%,0.0%,0.0%,,,,,,,0.0%,0.0%,0.0%,0.0%,0.0%,0.0%,0.0%,0.0%,0.0%,0.0%,1.5%,0.0%,1.5%,1.5%,1.5%,0.0%,0.0%,0.0%,0.0%,0.0%,0.0%,0.0%,,,,,,,,1.9%,,,,,,,,,,,,,,,,,,,,,,,,,,,,
Crusader's Shield,Off-hand,40,Normal,,,,,,,,,,,,,4.5%,6.5%,,10.0%,,,4.5%,6.5%,0.0%,10.0%,11.0%,4.5%,6.5%,11.0%,,,,,,,,0.0%,0.0%,0.0%,0.0%,0.0%,0.0%,0.0%,0.0%,,,,,,,0.0%,0.0%,0.0%,0.0%,0.0%,0.0%,0.0%,0.0%,4.5%,6.5%,0.0%,11.0%,4.5%,6.5%,11.0%,0.0%,0.0%,0.0%,0.0%,0.0%,0.0%,0.0%,,,,,,,,12.0%,,,,,,,,,,,,,,,,,,,,,,,,,,,,
Dark Aegis,Off-hand,50,Hell Drider,,,,,,,,,,,,,10.0%,,,,,10.0%,20.0%,10.0%,10.0%,10.0%,30.0%,30.0%,20.0%,40.0%,,,,,,,,0.0%,0.0%,0.0%,0.0%,0.0%,0.0%,0.0%,0.0%,,,,,,,0.0%,0.0%,0.0%,0.0%,0.0%,0.0%,0.0%,0.0%,20.0%,10.0%,10.0%,30.0%,30.0%,20.0%,40.0%,0.0%,0.0%,0.0%,0.0%,0.0%,0.0%,0.0%,,,,,,,,41.0%,,,,,,,,,,,,,,,,,,,,,,,,,,,,
Dragon's Fist,Off-hand,50,Blackwing,,,,,,,,,,,,,,,22.0%,,,,0.0%,0.0%,22.0%,0.0%,0.0%,22.0%,22.0%,22.0%,,,,,,,,0.0%,0.0%,0.0%,0.0%,0.0%,0.0%,0.0%,0.0%,,,,,,20.0%,20.0%,20.0%,20.0%,20.0%,40.0%,40.0%,40.0%,60.0%,20.0%,20.0%,42.0%,40.0%,62.0%,62.0%,82.0%,20.0%,20.0%,20.0%,40.0%,40.0%,40.0%,60.0%,,,,,,,,71.0%,,,,,,,,,,,,,,,,,,,,,,,,,,,,
Viral Switchblade,Off-hand,50,Mecha Trojan,,,,,,,,,,,,,15.0%,15.0%,,25.0%,,,15.0%,15.0%,0.0%,25.0%,30.0%,15.0%,15.0%,30.0%,,,,,20.0%,,,0.0%,0.0%,0.0%,20.0%,0.0%,0.0%,0.0%,0.0%,,,,,,,0.0%,0.0%,0.0%,0.0%,0.0%,0.0%,0.0%,0.0%,15.0%,15.0%,0.0%,30.0%,15.0%,15.0%,30.0%,0.0%,0.0%,0.0%,0.0%,0.0%,0.0%,0.0%,,,,,,,,33.5%,,,,,,,,,,,,,,,,,,,,,,,,,,,,
Call of the Deep,Off-hand,50,Tidal Titan,,,,,,,,,,,,,15.0%,,15.0%,,,,15.0%,0.0%,15.0%,0.0%,15.0%,30.0%,15.0%,30.0%,,,,,,,,0.0%,0.0%,0.0%,0.0%,0.0%,0.0%,0.0%,0.0%,10.0%,,10.0%,,,,10.0%,0.0%,10.0%,0.0%,10.0%,20.0%,10.0%,20.0%,25.0%,0.0%,25.0%,25.0%,50.0%,25.0%,50.0%,10.0%,0.0%,10.0%,10.0%,20.0%,10.0%,20.0%,,,,,,,,46.0%,,,,,,,,,,,,,,,,,,,,,,,,,,,,
Orb of Pestilence,Off-hand,45,Mega Maggot,,,,,,,,,,,,,,,11.0%,,30.0%,,0.0%,0.0%,11.0%,0.0%,0.0%,11.0%,11.0%,11.0%,,,,,,,,0.0%,0.0%,0.0%,0.0%,0.0%,0.0%,0.0%,0.0%,,,,,45.0%,,0.0%,0.0%,0.0%,0.0%,0.0%,0.0%,0.0%,0.0%,0.0%,0.0%,11.0%,0.0%,11.0%,11.0%,11.0%,0.0%,0.0%,0.0%,0.0%,0.0%,0.0%,0.0%,,,,,,,,11.0%,,,,,,,,,,,,,,,,,,,,,,,,,,,,
Wyrm Lantern,Off-hand,40,Jade Wyrm,,,,,,,,,,,,,,10.0%,,,,,0.0%,10.0%,0.0%,0.0%,10.0%,0.0%,10.0%,10.0%,,,,5.0%,,,,0.0%,0.0%,5.0%,0.0%,0.0%,5.0%,5.0%,5.0%,,9.0%,,,,,0.0%,9.0%,0.0%,0.0%,9.0%,0.0%,9.0%,9.0%,0.0%,19.0%,0.0%,19.0%,0.0%,19.0%,19.0%,0.0%,9.0%,5.0%,9.0%,5.0%,14.0%,14.0%,,,,,,,,19.2%,,,,,,,,,,,,,,,,,,,,,,,,,,,,
Terror Blade,Off-hand,40,Terrorthorn,,,,,,,,,25.0%,,,,9.0%,,,,,,9.0%,0.0%,0.0%,0.0%,9.0%,9.0%,0.0%,9.0%,,12.0%,,,,,,12.0%,0.0%,0.0%,0.0%,12.0%,12.0%,0.0%,12.0%,,,,,,,0.0%,0.0%,0.0%,0.0%,0.0%,0.0%,0.0%,0.0%,9.0%,0.0%,0.0%,9.0%,9.0%,0.0%,9.0%,12.0%,0.0%,0.0%,12.0%,12.0%,0.0%,12.0%,,,,,,,,13.8%,,,,,,,,,,,,,,,,,,,,,,,,,,,,
Eternal Codex,Off-hand,60,Grim Reaper,,,,,,,,,,,,,,35.0%,20.0%,,,,0.0%,35.0%,20.0%,0.0%,35.0%,20.0%,55.0%,55.0%,,,,,,,,0.0%,0.0%,0.0%,0.0%,0.0%,0.0%,0.0%,0.0%,,,20.0%,,,,0.0%,0.0%,20.0%,0.0%,0.0%,20.0%,20.0%,20.0%,0.0%,35.0%,40.0%,35.0%,40.0%,75.0%,75.0%,0.0%,0.0%,20.0%,0.0%,20.0%,20.0%,20.0%,,,,,,,,71.0%,,,,,,,,,,,,,,,,,,,,,,,,,,,,
Lunar Boomerang,Off-hand,60,Hootclaw,,,,,,,,,,,,,,,30.0%,,,,0.0%,0.0%,30.0%,0.0%,0.0%,30.0%,30.0%,30.0%,,,,15.0%,,,,0.0%,0.0%,15.0%,0.0%,0.0%,15.0%,15.0%,15.0%,,,15.0%,,,,0.0%,0.0%,15.0%,0.0%,0.0%,15.0%,15.0%,15.0%,0.0%,0.0%,45.0%,0.0%,45.0%,45.0%,45.0%,0.0%,0.0%,30.0%,0.0%,30.0%,30.0%,30.0%,,,,,,,,48.0%,,,,,,,,,,,,,,,,,,,,,,,,,,,,
Eerie Lantern,Off-hand,60,Cottageroar,,,,,,,,,,,,,30.0%,,,,,,30.0%,0.0%,0.0%,0.0%,30.0%,30.0%,0.0%,30.0%,,10.0%,,,,,,10.0%,0.0%,0.0%,0.0%,10.0%,10.0%,0.0%,10.0%,,,,,,10.0%,10.0%,10.0%,10.0%,10.0%,20.0%,20.0%,20.0%,30.0%,40.0%,10.0%,10.0%,50.0%,50.0%,20.0%,60.0%,20.0%,10.0%,10.0%,30.0%,30.0%,20.0%,40.0%,,,,,,,,58.5%,,,,,,,,,,,,,,,,,,,,,,,,,,,,
Champion Lamp,Off-hand,60,Champion,,,10.0%,,,,,,,,,,30.0%,35.0%,,,,,30.0%,35.0%,0.0%,0.0%,65.0%,30.0%,35.0%,65.0%,,,,,,,20.0%,20.0%,20.0%,20.0%,20.0%,40.0%,40.0%,40.0%,60.0%,,,,,,,0.0%,0.0%,0.0%,0.0%,0.0%,0.0%,0.0%,0.0%,30.0%,35.0%,0.0%,65.0%,30.0%,35.0%,65.0%,20.0%,20.0%,20.0%,40.0%,40.0%,40.0%,60.0%,,,,,,,,90.0%,,,,,,,,,,,,Crimson Mane,6,3.00%,Adamant Plate,6,25.00%,Crystal Silk,6,23.50%,Veronica's Veil,,24.00%,Aurichalcum,6,24.00%,,
Champion Light,Off-hand,60,Champion,,,10.0%,,,,,,,,,,35.0%,,30.0%,,,,35.0%,0.0%,30.0%,0.0%,35.0%,65.0%,30.0%,65.0%,,,,,,,20.0%,20.0%,20.0%,20.0%,20.0%,40.0%,40.0%,40.0%,60.0%,,,,,,,0.0%,0.0%,0.0%,0.0%,0.0%,0.0%,0.0%,0.0%,35.0%,0.0%,30.0%,35.0%,65.0%,30.0%,65.0%,20.0%,20.0%,20.0%,40.0%,40.0%,40.0%,60.0%,,,,,,,,90.0%,,,,,,,,,,,,Crimson Mane,6,3.00%,Adamant Plate,6,25.00%,Crystal Silk,6,23.50%,Veronica's Veil,,24.00%,Aurichalcum,6,24.00%,,
Champion Katar,Off-hand,60,Champion,,,10.0%,,,,,,,,,,,30.0%,35.0%,,,,0.0%,30.0%,35.0%,0.0%,30.0%,35.0%,65.0%,65.0%,,,,,,,20.0%,20.0%,20.0%,20.0%,20.0%,40.0%,40.0%,40.0%,60.0%,,,,,,,0.0%,0.0%,0.0%,0.0%,0.0%,0.0%,0.0%,0.0%,0.0%,30.0%,35.0%,30.0%,35.0%,65.0%,65.0%,20.0%,20.0%,20.0%,40.0%,40.0%,40.0%,60.0%,,,,,,,,90.0%,,,,,,,,,,,,Crimson Mane,6,3.00%,Adamant Plate,6,25.00%,Crystal Silk,6,23.50%,Veronica's Veil,,24.00%,Aurichalcum,6,24.00%,,